{
  "project_info": {
    "project_number": "635334614186",
    "project_id": "tutorapp395",
    "storage_bucket": "tutorapp395.appspot.com"
  },
  "client": [
    {
      "client_info": {
        "mobilesdk_app_id": "1:635334614186:android:43fe0d3154ba162e5184d3",
        "android_client_info": {
          "package_name": "com.example.tutorapp395"
        }
      },
      "oauth_client": [],
      "api_key": [
        {
          "current_key": "AIzaSyA5sBJq_IxST_bd6j0c5aczYrPTkAz60yQ"
        }
      ],
      "services": {
        "appinvite_service": {
          "other_platform_oauth_client": []
        }
      }
    }
  ],
  "configuration_version": "1"
}