{
  "formatVersion": 1,
  "database": {
    "version": 1,
    "identityHash": "ea8dff6e86462a1a8764f92e107c42df",
    "entities": [
      {
        "tableName": "user",
        "createSql": "CREATE TABLE IF NOT EXISTS `${TABLE_NAME}` (`userId` TEXT NOT NULL, `username` TEXT NOT NULL, `email` TEXT NOT NULL, `password` TEXT NOT NULL, `isDeactivated` INTEGER NOT NULL, `firstName` TEXT NOT NULL, `lastName` TEXT NOT NULL, `phoneNumber` TEXT NOT NULL, `dateOfBirth` TEXT NOT NULL, `isAdmin` INTEGER NOT NULL, `isTutor` INTEGER NOT NULL, `timezone` TEXT NOT NULL, `acceptedTC` TEXT NOT NULL, `completedOnboarding` TEXT NOT NULL, `createdAt` TEXT NOT NULL, `modifiedAt` TEXT NOT NULL, PRIMARY KEY(`userId`))",
        "fields": [
          {
            "fieldPath": "userId",
            "columnName": "userId",
            "affinity": "TEXT",
            "notNull": true
          },
          {
            "fieldPath": "username",
            "columnName": "username",
            "affinity": "TEXT",
            "notNull": true
          },
          {
            "fieldPath": "email",
            "columnName": "email",
            "affinity": "TEXT",
            "notNull": true
          },
          {
            "fieldPath": "password",
            "columnName": "password",
            "affinity": "TEXT",
            "notNull": true
          },
          {
            "fieldPath": "isDeactivated",
            "columnName": "isDeactivated",
            "affinity": "INTEGER",
            "notNull": true
          },
          {
            "fieldPath": "firstName",
            "columnName": "firstName",
            "affinity": "TEXT",
            "notNull": true
          },
          {
            "fieldPath": "lastName",
            "columnName": "lastName",
            "affinity": "TEXT",
            "notNull": true
          },
          {
            "fieldPath": "phoneNumber",
            "columnName": "phoneNumber",
            "affinity": "TEXT",
            "notNull": true
          },
          {
            "fieldPath": "dateOfBirth",
            "columnName": "dateOfBirth",
            "affinity": "TEXT",
            "notNull": true
          },
          {
            "fieldPath": "isAdmin",
            "columnName": "isAdmin",
            "affinity": "INTEGER",
            "notNull": true
          },
          {
            "fieldPath": "isTutor",
            "columnName": "isTutor",
            "affinity": "INTEGER",
            "notNull": true
          },
          {
            "fieldPath": "timezone",
            "columnName": "timezone",
            "affinity": "TEXT",
            "notNull": true
          },
          {
            "fieldPath": "acceptedTC",
            "columnName": "acceptedTC",
            "affinity": "TEXT",
            "notNull": true
          },
          {
            "fieldPath": "completedOnboarding",
            "columnName": "completedOnboarding",
            "affinity": "TEXT",
            "notNull": true
          },
          {
            "fieldPath": "createdAt",
            "columnName": "createdAt",
            "affinity": "TEXT",
            "notNull": true
          },
          {
            "fieldPath": "modifiedAt",
            "columnName": "modifiedAt",
            "affinity": "TEXT",
            "notNull": true
          }
        ],
        "primaryKey": {
          "autoGenerate": false,
          "columnNames": [
            "userId"
          ]
        },
        "indices": [
          {
            "name": "index_user_userId",
            "unique": false,
            "columnNames": [
              "userId"
            ],
            "orders": [],
            "createSql": "CREATE INDEX IF NOT EXISTS `index_user_userId` ON `${TABLE_NAME}` (`userId`)"
          },
          {
            "name": "index_user_username",
            "unique": false,
            "columnNames": [
              "username"
            ],
            "orders": [],
            "createSql": "CREATE INDEX IF NOT EXISTS `index_user_username` ON `${TABLE_NAME}` (`username`)"
          },
          {
            "name": "index_user_email",
            "unique": false,
            "columnNames": [
              "email"
            ],
            "orders": [],
            "createSql": "CREATE INDEX IF NOT EXISTS `index_user_email` ON `${TABLE_NAME}` (`email`)"
          },
          {
            "name": "index_user_password",
            "unique": false,
            "columnNames": [
              "password"
            ],
            "orders": [],
            "createSql": "CREATE INDEX IF NOT EXISTS `index_user_password` ON `${TABLE_NAME}` (`password`)"
          },
          {
            "name": "index_user_isDeactivated",
            "unique": false,
            "columnNames": [
              "isDeactivated"
            ],
            "orders": [],
            "createSql": "CREATE INDEX IF NOT EXISTS `index_user_isDeactivated` ON `${TABLE_NAME}` (`isDeactivated`)"
          },
          {
            "name": "index_user_firstName",
            "unique": false,
            "columnNames": [
              "firstName"
            ],
            "orders": [],
            "createSql": "CREATE INDEX IF NOT EXISTS `index_user_firstName` ON `${TABLE_NAME}` (`firstName`)"
          },
          {
            "name": "index_user_lastName",
            "unique": false,
            "columnNames": [
              "lastName"
            ],
            "orders": [],
            "createSql": "CREATE INDEX IF NOT EXISTS `index_user_lastName` ON `${TABLE_NAME}` (`lastName`)"
          },
          {
            "name": "index_user_phoneNumber",
            "unique": false,
            "columnNames": [
              "phoneNumber"
            ],
            "orders": [],
            "createSql": "CREATE INDEX IF NOT EXISTS `index_user_phoneNumber` ON `${TABLE_NAME}` (`phoneNumber`)"
          },
          {
            "name": "index_user_dateOfBirth",
            "unique": false,
            "columnNames": [
              "dateOfBirth"
            ],
            "orders": [],
            "createSql": "CREATE INDEX IF NOT EXISTS `index_user_dateOfBirth` ON `${TABLE_NAME}` (`dateOfBirth`)"
          },
          {
            "name": "index_user_isAdmin",
            "unique": false,
            "columnNames": [
              "isAdmin"
            ],
            "orders": [],
            "createSql": "CREATE INDEX IF NOT EXISTS `index_user_isAdmin` ON `${TABLE_NAME}` (`isAdmin`)"
          },
          {
            "name": "index_user_isTutor",
            "unique": false,
            "columnNames": [
              "isTutor"
            ],
            "orders": [],
            "createSql": "CREATE INDEX IF NOT EXISTS `index_user_isTutor` ON `${TABLE_NAME}` (`isTutor`)"
          },
          {
            "name": "index_user_timezone",
            "unique": false,
            "columnNames": [
              "timezone"
            ],
            "orders": [],
            "createSql": "CREATE INDEX IF NOT EXISTS `index_user_timezone` ON `${TABLE_NAME}` (`timezone`)"
          },
          {
            "name": "index_user_acceptedTC",
            "unique": false,
            "columnNames": [
              "acceptedTC"
            ],
            "orders": [],
            "createSql": "CREATE INDEX IF NOT EXISTS `index_user_acceptedTC` ON `${TABLE_NAME}` (`acceptedTC`)"
          },
          {
            "name": "index_user_completedOnboarding",
            "unique": false,
            "columnNames": [
              "completedOnboarding"
            ],
            "orders": [],
            "createSql": "CREATE INDEX IF NOT EXISTS `index_user_completedOnboarding` ON `${TABLE_NAME}` (`completedOnboarding`)"
          },
          {
            "name": "index_user_createdAt",
            "unique": false,
            "columnNames": [
              "createdAt"
            ],
            "orders": [],
            "createSql": "CREATE INDEX IF NOT EXISTS `index_user_createdAt` ON `${TABLE_NAME}` (`createdAt`)"
          },
          {
            "name": "index_user_modifiedAt",
            "unique": false,
            "columnNames": [
              "modifiedAt"
            ],
            "orders": [],
            "createSql": "CREATE INDEX IF NOT EXISTS `index_user_modifiedAt` ON `${TABLE_NAME}` (`modifiedAt`)"
          }
        ],
        "foreignKeys": []
      },
      {
        "tableName": "tutorWeeklyAvailability",
        "createSql": "CREATE TABLE IF NOT EXISTS `${TABLE_NAME}` (`weeklyAvailabilityId` TEXT NOT NULL, `weekday` TEXT NOT NULL, `startTime` TEXT NOT NULL, `endTime` TEXT NOT NULL, `tutorAvailabilityId` TEXT NOT NULL, PRIMARY KEY(`weeklyAvailabilityId`), FOREIGN KEY(`tutorAvailabilityId`) REFERENCES `tutorAvailability`(`tutorAvailabilityId`) ON UPDATE CASCADE ON DELETE CASCADE )",
        "fields": [
          {
            "fieldPath": "weeklyAvailabilityId",
            "columnName": "weeklyAvailabilityId",
            "affinity": "TEXT",
            "notNull": true
          },
          {
            "fieldPath": "weekday",
            "columnName": "weekday",
            "affinity": "TEXT",
            "notNull": true
          },
          {
            "fieldPath": "startTime",
            "columnName": "startTime",
            "affinity": "TEXT",
            "notNull": true
          },
          {
            "fieldPath": "endTime",
            "columnName": "endTime",
            "affinity": "TEXT",
            "notNull": true
          },
          {
            "fieldPath": "tutorAvailabilityId",
            "columnName": "tutorAvailabilityId",
            "affinity": "TEXT",
            "notNull": true
          }
        ],
        "primaryKey": {
          "autoGenerate": false,
          "columnNames": [
            "weeklyAvailabilityId"
          ]
        },
        "indices": [
          {
            "name": "index_tutorWeeklyAvailability_weeklyAvailabilityId",
            "unique": false,
            "columnNames": [
              "weeklyAvailabilityId"
            ],
            "orders": [],
            "createSql": "CREATE INDEX IF NOT EXISTS `index_tutorWeeklyAvailability_weeklyAvailabilityId` ON `${TABLE_NAME}` (`weeklyAvailabilityId`)"
          },
          {
            "name": "index_tutorWeeklyAvailability_weekday",
            "unique": false,
            "columnNames": [
              "weekday"
            ],
            "orders": [],
            "createSql": "CREATE INDEX IF NOT EXISTS `index_tutorWeeklyAvailability_weekday` ON `${TABLE_NAME}` (`weekday`)"
          },
          {
            "name": "index_tutorWeeklyAvailability_startTime",
            "unique": false,
            "columnNames": [
              "startTime"
            ],
            "orders": [],
            "createSql": "CREATE INDEX IF NOT EXISTS `index_tutorWeeklyAvailability_startTime` ON `${TABLE_NAME}` (`startTime`)"
          },
          {
            "name": "index_tutorWeeklyAvailability_endTime",
            "unique": false,
            "columnNames": [
              "endTime"
            ],
            "orders": [],
            "createSql": "CREATE INDEX IF NOT EXISTS `index_tutorWeeklyAvailability_endTime` ON `${TABLE_NAME}` (`endTime`)"
          },
          {
            "name": "index_tutorWeeklyAvailability_tutorAvailabilityId",
            "unique": false,
            "columnNames": [
              "tutorAvailabilityId"
            ],
            "orders": [],
            "createSql": "CREATE INDEX IF NOT EXISTS `index_tutorWeeklyAvailability_tutorAvailabilityId` ON `${TABLE_NAME}` (`tutorAvailabilityId`)"
          }
        ],
        "foreignKeys": [
          {
            "table": "tutorAvailability",
            "onDelete": "CASCADE",
            "onUpdate": "CASCADE",
            "columns": [
              "tutorAvailabilityId"
            ],
            "referencedColumns": [
              "tutorAvailabilityId"
            ]
          }
        ]
      },
      {
        "tableName": "tutorUnavailableDates",
        "createSql": "CREATE TABLE IF NOT EXISTS `${TABLE_NAME}` (`tutorUnavailableDatesId` TEXT NOT NULL, `startDateTime` TEXT NOT NULL, `endDateTime` TEXT NOT NULL, `tutorAvailabilityId` TEXT NOT NULL, PRIMARY KEY(`tutorUnavailableDatesId`), FOREIGN KEY(`tutorAvailabilityId`) REFERENCES `tutorAvailability`(`tutorAvailabilityId`) ON UPDATE CASCADE ON DELETE CASCADE )",
        "fields": [
          {
            "fieldPath": "tutorUnavailableDatesId",
            "columnName": "tutorUnavailableDatesId",
            "affinity": "TEXT",
            "notNull": true
          },
          {
            "fieldPath": "startDateTime",
            "columnName": "startDateTime",
            "affinity": "TEXT",
            "notNull": true
          },
          {
            "fieldPath": "endDateTime",
            "columnName": "endDateTime",
            "affinity": "TEXT",
            "notNull": true
          },
          {
            "fieldPath": "tutorAvailabilityId",
            "columnName": "tutorAvailabilityId",
            "affinity": "TEXT",
            "notNull": true
          }
        ],
        "primaryKey": {
          "autoGenerate": false,
          "columnNames": [
            "tutorUnavailableDatesId"
          ]
        },
        "indices": [
          {
            "name": "index_tutorUnavailableDates_tutorUnavailableDatesId",
            "unique": false,
            "columnNames": [
              "tutorUnavailableDatesId"
            ],
            "orders": [],
            "createSql": "CREATE INDEX IF NOT EXISTS `index_tutorUnavailableDates_tutorUnavailableDatesId` ON `${TABLE_NAME}` (`tutorUnavailableDatesId`)"
          },
          {
            "name": "index_tutorUnavailableDates_startDateTime",
            "unique": false,
            "columnNames": [
              "startDateTime"
            ],
            "orders": [],
            "createSql": "CREATE INDEX IF NOT EXISTS `index_tutorUnavailableDates_startDateTime` ON `${TABLE_NAME}` (`startDateTime`)"
          },
          {
            "name": "index_tutorUnavailableDates_endDateTime",
            "unique": false,
            "columnNames": [
              "endDateTime"
            ],
            "orders": [],
            "createSql": "CREATE INDEX IF NOT EXISTS `index_tutorUnavailableDates_endDateTime` ON `${TABLE_NAME}` (`endDateTime`)"
          },
          {
            "name": "index_tutorUnavailableDates_tutorAvailabilityId",
            "unique": false,
            "columnNames": [
              "tutorAvailabilityId"
            ],
            "orders": [],
            "createSql": "CREATE INDEX IF NOT EXISTS `index_tutorUnavailableDates_tutorAvailabilityId` ON `${TABLE_NAME}` (`tutorAvailabilityId`)"
          }
        ],
        "foreignKeys": [
          {
            "table": "tutorAvailability",
            "onDelete": "CASCADE",
            "onUpdate": "CASCADE",
            "columns": [
              "tutorAvailabilityId"
            ],
            "referencedColumns": [
              "tutorAvailabilityId"
            ]
          }
        ]
      },
      {
        "tableName": "tutorPayout",
        "createSql": "CREATE TABLE IF NOT EXISTS `${TABLE_NAME}` (`tutorPayoutId` TEXT NOT NULL, `payoutTotal` REAL NOT NULL, `payoutDateTime` TEXT NOT NULL, `paymentStatus` TEXT NOT NULL, `sessionId` TEXT NOT NULL, PRIMARY KEY(`tutorPayoutId`), FOREIGN KEY(`sessionId`) REFERENCES `session`(`sessionId`) ON UPDATE CASCADE ON DELETE CASCADE )",
        "fields": [
          {
            "fieldPath": "tutorPayoutId",
            "columnName": "tutorPayoutId",
            "affinity": "TEXT",
            "notNull": true
          },
          {
            "fieldPath": "payoutTotal",
            "columnName": "payoutTotal",
            "affinity": "REAL",
            "notNull": true
          },
          {
            "fieldPath": "payoutDateTime",
            "columnName": "payoutDateTime",
            "affinity": "TEXT",
            "notNull": true
          },
          {
            "fieldPath": "paymentStatus",
            "columnName": "paymentStatus",
            "affinity": "TEXT",
            "notNull": true
          },
          {
            "fieldPath": "sessionId",
            "columnName": "sessionId",
            "affinity": "TEXT",
            "notNull": true
          }
        ],
        "primaryKey": {
          "autoGenerate": false,
          "columnNames": [
            "tutorPayoutId"
          ]
        },
        "indices": [
          {
            "name": "index_tutorPayout_tutorPayoutId",
            "unique": false,
            "columnNames": [
              "tutorPayoutId"
            ],
            "orders": [],
            "createSql": "CREATE INDEX IF NOT EXISTS `index_tutorPayout_tutorPayoutId` ON `${TABLE_NAME}` (`tutorPayoutId`)"
          },
          {
            "name": "index_tutorPayout_payoutTotal",
            "unique": false,
            "columnNames": [
              "payoutTotal"
            ],
            "orders": [],
            "createSql": "CREATE INDEX IF NOT EXISTS `index_tutorPayout_payoutTotal` ON `${TABLE_NAME}` (`payoutTotal`)"
          },
          {
            "name": "index_tutorPayout_payoutDateTime",
            "unique": false,
            "columnNames": [
              "payoutDateTime"
            ],
            "orders": [],
            "createSql": "CREATE INDEX IF NOT EXISTS `index_tutorPayout_payoutDateTime` ON `${TABLE_NAME}` (`payoutDateTime`)"
          },
          {
            "name": "index_tutorPayout_paymentStatus",
            "unique": false,
            "columnNames": [
              "paymentStatus"
            ],
            "orders": [],
            "createSql": "CREATE INDEX IF NOT EXISTS `index_tutorPayout_paymentStatus` ON `${TABLE_NAME}` (`paymentStatus`)"
          },
          {
            "name": "index_tutorPayout_sessionId",
            "unique": false,
            "columnNames": [
              "sessionId"
            ],
            "orders": [],
            "createSql": "CREATE INDEX IF NOT EXISTS `index_tutorPayout_sessionId` ON `${TABLE_NAME}` (`sessionId`)"
          }
        ],
        "foreignKeys": [
          {
            "table": "session",
            "onDelete": "CASCADE",
            "onUpdate": "CASCADE",
            "columns": [
              "sessionId"
            ],
            "referencedColumns": [
              "sessionId"
            ]
          }
        ]
      },
      {
        "tableName": "tutorAvailability",
        "createSql": "CREATE TABLE IF NOT EXISTS `${TABLE_NAME}` (`tutorAvailabilityId` TEXT NOT NULL, `updatedOnDateTime` TEXT NOT NULL, `month` INTEGER NOT NULL, `year` INTEGER NOT NULL, `userId` TEXT NOT NULL, PRIMARY KEY(`tutorAvailabilityId`), FOREIGN KEY(`userId`) REFERENCES `user`(`userId`) ON UPDATE CASCADE ON DELETE CASCADE )",
        "fields": [
          {
            "fieldPath": "tutorAvailabilityId",
            "columnName": "tutorAvailabilityId",
            "affinity": "TEXT",
            "notNull": true
          },
          {
            "fieldPath": "updatedOnDateTime",
            "columnName": "updatedOnDateTime",
            "affinity": "TEXT",
            "notNull": true
          },
          {
            "fieldPath": "month",
            "columnName": "month",
            "affinity": "INTEGER",
            "notNull": true
          },
          {
            "fieldPath": "year",
            "columnName": "year",
            "affinity": "INTEGER",
            "notNull": true
          },
          {
            "fieldPath": "userId",
            "columnName": "userId",
            "affinity": "TEXT",
            "notNull": true
          }
        ],
        "primaryKey": {
          "autoGenerate": false,
          "columnNames": [
            "tutorAvailabilityId"
          ]
        },
        "indices": [
          {
            "name": "index_tutorAvailability_tutorAvailabilityId",
            "unique": false,
            "columnNames": [
              "tutorAvailabilityId"
            ],
            "orders": [],
            "createSql": "CREATE INDEX IF NOT EXISTS `index_tutorAvailability_tutorAvailabilityId` ON `${TABLE_NAME}` (`tutorAvailabilityId`)"
          },
          {
            "name": "index_tutorAvailability_updatedOnDateTime",
            "unique": false,
            "columnNames": [
              "updatedOnDateTime"
            ],
            "orders": [],
            "createSql": "CREATE INDEX IF NOT EXISTS `index_tutorAvailability_updatedOnDateTime` ON `${TABLE_NAME}` (`updatedOnDateTime`)"
          },
          {
            "name": "index_tutorAvailability_month",
            "unique": false,
            "columnNames": [
              "month"
            ],
            "orders": [],
            "createSql": "CREATE INDEX IF NOT EXISTS `index_tutorAvailability_month` ON `${TABLE_NAME}` (`month`)"
          },
          {
            "name": "index_tutorAvailability_year",
            "unique": false,
            "columnNames": [
              "year"
            ],
            "orders": [],
            "createSql": "CREATE INDEX IF NOT EXISTS `index_tutorAvailability_year` ON `${TABLE_NAME}` (`year`)"
          },
          {
            "name": "index_tutorAvailability_userId",
            "unique": false,
            "columnNames": [
              "userId"
            ],
            "orders": [],
            "createSql": "CREATE INDEX IF NOT EXISTS `index_tutorAvailability_userId` ON `${TABLE_NAME}` (`userId`)"
          }
        ],
        "foreignKeys": [
          {
            "table": "user",
            "onDelete": "CASCADE",
            "onUpdate": "CASCADE",
            "columns": [
              "userId"
            ],
            "referencedColumns": [
              "userId"
            ]
          }
        ]
      },
      {
        "tableName": "tutor",
        "createSql": "CREATE TABLE IF NOT EXISTS `${TABLE_NAME}` (`userId` TEXT NOT NULL, `createdAt` TEXT NOT NULL, `isDeactivated` INTEGER NOT NULL, PRIMARY KEY(`userId`), FOREIGN KEY(`userId`) REFERENCES `user`(`userId`) ON UPDATE CASCADE ON DELETE CASCADE )",
        "fields": [
          {
            "fieldPath": "userId",
            "columnName": "userId",
            "affinity": "TEXT",
            "notNull": true
          },
          {
            "fieldPath": "createdAt",
            "columnName": "createdAt",
            "affinity": "TEXT",
            "notNull": true
          },
          {
            "fieldPath": "isDeactivated",
            "columnName": "isDeactivated",
            "affinity": "INTEGER",
            "notNull": true
          }
        ],
        "primaryKey": {
          "autoGenerate": false,
          "columnNames": [
            "userId"
          ]
        },
        "indices": [
          {
            "name": "index_tutor_userId",
            "unique": false,
            "columnNames": [
              "userId"
            ],
            "orders": [],
            "createSql": "CREATE INDEX IF NOT EXISTS `index_tutor_userId` ON `${TABLE_NAME}` (`userId`)"
          },
          {
            "name": "index_tutor_createdAt",
            "unique": false,
            "columnNames": [
              "createdAt"
            ],
            "orders": [],
            "createSql": "CREATE INDEX IF NOT EXISTS `index_tutor_createdAt` ON `${TABLE_NAME}` (`createdAt`)"
          },
          {
            "name": "index_tutor_isDeactivated",
            "unique": false,
            "columnNames": [
              "isDeactivated"
            ],
            "orders": [],
            "createSql": "CREATE INDEX IF NOT EXISTS `index_tutor_isDeactivated` ON `${TABLE_NAME}` (`isDeactivated`)"
          }
        ],
        "foreignKeys": [
          {
            "table": "user",
            "onDelete": "CASCADE",
            "onUpdate": "CASCADE",
            "columns": [
              "userId"
            ],
            "referencedColumns": [
              "userId"
            ]
          }
        ]
      },
      {
        "tableName": "subjectLevel",
        "createSql": "CREATE TABLE IF NOT EXISTS `${TABLE_NAME}` (`subjectLevelId` TEXT NOT NULL, `subject` TEXT NOT NULL, `gradeLevels` TEXT NOT NULL, `tutorAvailabilityId` TEXT NOT NULL, PRIMARY KEY(`subjectLevelId`))",
        "fields": [
          {
            "fieldPath": "subjectLevelId",
            "columnName": "subjectLevelId",
            "affinity": "TEXT",
            "notNull": true
          },
          {
            "fieldPath": "subject",
            "columnName": "subject",
            "affinity": "TEXT",
            "notNull": true
          },
          {
            "fieldPath": "gradeLevels",
            "columnName": "gradeLevels",
            "affinity": "TEXT",
            "notNull": true
          },
          {
            "fieldPath": "tutorAvailabilityId",
            "columnName": "tutorAvailabilityId",
            "affinity": "TEXT",
            "notNull": true
          }
        ],
        "primaryKey": {
          "autoGenerate": false,
          "columnNames": [
            "subjectLevelId"
          ]
        },
        "indices": [
          {
            "name": "index_subjectLevel_subjectLevelId",
            "unique": false,
            "columnNames": [
              "subjectLevelId"
            ],
            "orders": [],
            "createSql": "CREATE INDEX IF NOT EXISTS `index_subjectLevel_subjectLevelId` ON `${TABLE_NAME}` (`subjectLevelId`)"
          },
          {
            "name": "index_subjectLevel_subject",
            "unique": false,
            "columnNames": [
              "subject"
            ],
            "orders": [],
            "createSql": "CREATE INDEX IF NOT EXISTS `index_subjectLevel_subject` ON `${TABLE_NAME}` (`subject`)"
          },
          {
            "name": "index_subjectLevel_gradeLevels",
            "unique": false,
            "columnNames": [
              "gradeLevels"
            ],
            "orders": [],
            "createSql": "CREATE INDEX IF NOT EXISTS `index_subjectLevel_gradeLevels` ON `${TABLE_NAME}` (`gradeLevels`)"
          },
          {
            "name": "index_subjectLevel_tutorAvailabilityId",
            "unique": false,
            "columnNames": [
              "tutorAvailabilityId"
            ],
            "orders": [],
            "createSql": "CREATE INDEX IF NOT EXISTS `index_subjectLevel_tutorAvailabilityId` ON `${TABLE_NAME}` (`tutorAvailabilityId`)"
          }
        ],
        "foreignKeys": []
      },
      {
        "tableName": "studentAvailability",
        "createSql": "CREATE TABLE IF NOT EXISTS `${TABLE_NAME}` (`studentAvailabilityId` TEXT NOT NULL, `sessionRequestId` TEXT NOT NULL, `weekday` TEXT NOT NULL, `startTime` TEXT NOT NULL, `sessionDuration` INTEGER NOT NULL, `endTime` TEXT NOT NULL, PRIMARY KEY(`studentAvailabilityId`), FOREIGN KEY(`sessionRequestId`) REFERENCES `sessionRequest`(`sessionRequestId`) ON UPDATE CASCADE ON DELETE CASCADE )",
        "fields": [
          {
            "fieldPath": "studentAvailabilityId",
            "columnName": "studentAvailabilityId",
            "affinity": "TEXT",
            "notNull": true
          },
          {
            "fieldPath": "sessionRequestId",
            "columnName": "sessionRequestId",
            "affinity": "TEXT",
            "notNull": true
          },
          {
            "fieldPath": "weekday",
            "columnName": "weekday",
            "affinity": "TEXT",
            "notNull": true
          },
          {
            "fieldPath": "startTime",
            "columnName": "startTime",
            "affinity": "TEXT",
            "notNull": true
          },
          {
            "fieldPath": "sessionDuration",
            "columnName": "sessionDuration",
            "affinity": "INTEGER",
            "notNull": true
          },
          {
            "fieldPath": "endTime",
            "columnName": "endTime",
            "affinity": "TEXT",
            "notNull": true
          }
        ],
        "primaryKey": {
          "autoGenerate": false,
          "columnNames": [
            "studentAvailabilityId"
          ]
        },
        "indices": [
          {
            "name": "index_studentAvailability_studentAvailabilityId",
            "unique": false,
            "columnNames": [
              "studentAvailabilityId"
            ],
            "orders": [],
            "createSql": "CREATE INDEX IF NOT EXISTS `index_studentAvailability_studentAvailabilityId` ON `${TABLE_NAME}` (`studentAvailabilityId`)"
          },
          {
            "name": "index_studentAvailability_sessionRequestId",
            "unique": false,
            "columnNames": [
              "sessionRequestId"
            ],
            "orders": [],
            "createSql": "CREATE INDEX IF NOT EXISTS `index_studentAvailability_sessionRequestId` ON `${TABLE_NAME}` (`sessionRequestId`)"
          },
          {
            "name": "index_studentAvailability_weekday",
            "unique": false,
            "columnNames": [
              "weekday"
            ],
            "orders": [],
            "createSql": "CREATE INDEX IF NOT EXISTS `index_studentAvailability_weekday` ON `${TABLE_NAME}` (`weekday`)"
          },
          {
            "name": "index_studentAvailability_startTime",
            "unique": false,
            "columnNames": [
              "startTime"
            ],
            "orders": [],
            "createSql": "CREATE INDEX IF NOT EXISTS `index_studentAvailability_startTime` ON `${TABLE_NAME}` (`startTime`)"
          },
          {
            "name": "index_studentAvailability_sessionDuration",
            "unique": false,
            "columnNames": [
              "sessionDuration"
            ],
            "orders": [],
            "createSql": "CREATE INDEX IF NOT EXISTS `index_studentAvailability_sessionDuration` ON `${TABLE_NAME}` (`sessionDuration`)"
          },
          {
            "name": "index_studentAvailability_endTime",
            "unique": false,
            "columnNames": [
              "endTime"
            ],
            "orders": [],
            "createSql": "CREATE INDEX IF NOT EXISTS `index_studentAvailability_endTime` ON `${TABLE_NAME}` (`endTime`)"
          }
        ],
        "foreignKeys": [
          {
            "table": "sessionRequest",
            "onDelete": "CASCADE",
            "onUpdate": "CASCADE",
            "columns": [
              "sessionRequestId"
            ],
            "referencedColumns": [
              "sessionRequestId"
            ]
          }
        ]
      },
      {
        "tableName": "sessionRequest",
        "createSql": "CREATE TABLE IF NOT EXISTS `${TABLE_NAME}` (`sessionRequestId` TEXT NOT NULL, `requestDateTime` TEXT NOT NULL, `acceptDateTime` TEXT NOT NULL, `confirmDateTime` TEXT NOT NULL, `startDateTime` TEXT NOT NULL, `endDateTime` TEXT NOT NULL, `totalHours` INTEGER NOT NULL, `totalCost` REAL NOT NULL, `gradeLevel` TEXT NOT NULL, `subject` TEXT NOT NULL, `tutorUserId` TEXT NOT NULL, `studentUserId` TEXT NOT NULL, PRIMARY KEY(`sessionRequestId`), FOREIGN KEY(`tutorUserId`) REFERENCES `user`(`userId`) ON UPDATE CASCADE ON DELETE CASCADE , FOREIGN KEY(`studentUserId`) REFERENCES `user`(`userId`) ON UPDATE CASCADE ON DELETE CASCADE )",
        "fields": [
          {
            "fieldPath": "sessionRequestId",
            "columnName": "sessionRequestId",
            "affinity": "TEXT",
            "notNull": true
          },
          {
            "fieldPath": "requestDateTime",
            "columnName": "requestDateTime",
            "affinity": "TEXT",
            "notNull": true
          },
          {
            "fieldPath": "acceptDateTime",
            "columnName": "acceptDateTime",
            "affinity": "TEXT",
            "notNull": true
          },
          {
            "fieldPath": "confirmDateTime",
            "columnName": "confirmDateTime",
            "affinity": "TEXT",
            "notNull": true
          },
          {
            "fieldPath": "startDateTime",
            "columnName": "startDateTime",
            "affinity": "TEXT",
            "notNull": true
          },
          {
            "fieldPath": "endDateTime",
            "columnName": "endDateTime",
            "affinity": "TEXT",
            "notNull": true
          },
          {
            "fieldPath": "totalHours",
            "columnName": "totalHours",
            "affinity": "INTEGER",
            "notNull": true
          },
          {
            "fieldPath": "totalCost",
            "columnName": "totalCost",
            "affinity": "REAL",
            "notNull": true
          },
          {
            "fieldPath": "gradeLevel",
            "columnName": "gradeLevel",
            "affinity": "TEXT",
            "notNull": true
          },
          {
            "fieldPath": "subject",
            "columnName": "subject",
            "affinity": "TEXT",
            "notNull": true
          },
          {
            "fieldPath": "tutorUserId",
            "columnName": "tutorUserId",
            "affinity": "TEXT",
            "notNull": true
          },
          {
            "fieldPath": "studentUserId",
            "columnName": "studentUserId",
            "affinity": "TEXT",
            "notNull": true
          }
        ],
        "primaryKey": {
          "autoGenerate": false,
          "columnNames": [
            "sessionRequestId"
          ]
        },
        "indices": [
          {
            "name": "index_sessionRequest_sessionRequestId",
            "unique": false,
            "columnNames": [
              "sessionRequestId"
            ],
            "orders": [],
            "createSql": "CREATE INDEX IF NOT EXISTS `index_sessionRequest_sessionRequestId` ON `${TABLE_NAME}` (`sessionRequestId`)"
          },
          {
            "name": "index_sessionRequest_requestDateTime",
            "unique": false,
            "columnNames": [
              "requestDateTime"
            ],
            "orders": [],
            "createSql": "CREATE INDEX IF NOT EXISTS `index_sessionRequest_requestDateTime` ON `${TABLE_NAME}` (`requestDateTime`)"
          },
          {
            "name": "index_sessionRequest_acceptDateTime",
            "unique": false,
            "columnNames": [
              "acceptDateTime"
            ],
            "orders": [],
            "createSql": "CREATE INDEX IF NOT EXISTS `index_sessionRequest_acceptDateTime` ON `${TABLE_NAME}` (`acceptDateTime`)"
          },
          {
            "name": "index_sessionRequest_confirmDateTime",
            "unique": false,
            "columnNames": [
              "confirmDateTime"
            ],
            "orders": [],
            "createSql": "CREATE INDEX IF NOT EXISTS `index_sessionRequest_confirmDateTime` ON `${TABLE_NAME}` (`confirmDateTime`)"
          },
          {
            "name": "index_sessionRequest_startDateTime",
            "unique": false,
            "columnNames": [
              "startDateTime"
            ],
            "orders": [],
            "createSql": "CREATE INDEX IF NOT EXISTS `index_sessionRequest_startDateTime` ON `${TABLE_NAME}` (`startDateTime`)"
          },
          {
            "name": "index_sessionRequest_endDateTime",
            "unique": false,
            "columnNames": [
              "endDateTime"
            ],
            "orders": [],
            "createSql": "CREATE INDEX IF NOT EXISTS `index_sessionRequest_endDateTime` ON `${TABLE_NAME}` (`endDateTime`)"
          },
          {
            "name": "index_sessionRequest_totalHours",
            "unique": false,
            "columnNames": [
              "totalHours"
            ],
            "orders": [],
            "createSql": "CREATE INDEX IF NOT EXISTS `index_sessionRequest_totalHours` ON `${TABLE_NAME}` (`totalHours`)"
          },
          {
            "name": "index_sessionRequest_totalCost",
            "unique": false,
            "columnNames": [
              "totalCost"
            ],
            "orders": [],
            "createSql": "CREATE INDEX IF NOT EXISTS `index_sessionRequest_totalCost` ON `${TABLE_NAME}` (`totalCost`)"
          },
          {
            "name": "index_sessionRequest_gradeLevel",
            "unique": false,
            "columnNames": [
              "gradeLevel"
            ],
            "orders": [],
            "createSql": "CREATE INDEX IF NOT EXISTS `index_sessionRequest_gradeLevel` ON `${TABLE_NAME}` (`gradeLevel`)"
          },
          {
            "name": "index_sessionRequest_subject",
            "unique": false,
            "columnNames": [
              "subject"
            ],
            "orders": [],
            "createSql": "CREATE INDEX IF NOT EXISTS `index_sessionRequest_subject` ON `${TABLE_NAME}` (`subject`)"
          },
          {
            "name": "index_sessionRequest_tutorUserId",
            "unique": false,
            "columnNames": [
              "tutorUserId"
            ],
            "orders": [],
            "createSql": "CREATE INDEX IF NOT EXISTS `index_sessionRequest_tutorUserId` ON `${TABLE_NAME}` (`tutorUserId`)"
          },
          {
            "name": "index_sessionRequest_studentUserId",
            "unique": false,
            "columnNames": [
              "studentUserId"
            ],
            "orders": [],
            "createSql": "CREATE INDEX IF NOT EXISTS `index_sessionRequest_studentUserId` ON `${TABLE_NAME}` (`studentUserId`)"
          }
        ],
        "foreignKeys": [
          {
            "table": "user",
            "onDelete": "CASCADE",
            "onUpdate": "CASCADE",
            "columns": [
              "tutorUserId"
            ],
            "referencedColumns": [
              "userId"
            ]
          },
          {
            "table": "user",
            "onDelete": "CASCADE",
            "onUpdate": "CASCADE",
            "columns": [
              "studentUserId"
            ],
            "referencedColumns": [
              "userId"
            ]
          }
        ]
      },
      {
        "tableName": "sessionDeclined",
        "createSql": "CREATE TABLE IF NOT EXISTS `${TABLE_NAME}` (`sessionRequestId` TEXT NOT NULL, `declinedDateTime` TEXT NOT NULL, `reason` TEXT NOT NULL, `content` TEXT NOT NULL, `userId` TEXT NOT NULL, PRIMARY KEY(`sessionRequestId`), FOREIGN KEY(`sessionRequestId`) REFERENCES `sessionRequest`(`sessionRequestId`) ON UPDATE CASCADE ON DELETE CASCADE , FOREIGN KEY(`userId`) REFERENCES `user`(`userId`) ON UPDATE CASCADE ON DELETE CASCADE )",
        "fields": [
          {
            "fieldPath": "sessionRequestId",
            "columnName": "sessionRequestId",
            "affinity": "TEXT",
            "notNull": true
          },
          {
            "fieldPath": "declinedDateTime",
            "columnName": "declinedDateTime",
            "affinity": "TEXT",
            "notNull": true
          },
          {
            "fieldPath": "reason",
            "columnName": "reason",
            "affinity": "TEXT",
            "notNull": true
          },
          {
            "fieldPath": "content",
            "columnName": "content",
            "affinity": "TEXT",
            "notNull": true
          },
          {
            "fieldPath": "userId",
            "columnName": "userId",
            "affinity": "TEXT",
            "notNull": true
          }
        ],
        "primaryKey": {
          "autoGenerate": false,
          "columnNames": [
            "sessionRequestId"
          ]
        },
        "indices": [
          {
            "name": "index_sessionDeclined_sessionRequestId",
            "unique": false,
            "columnNames": [
              "sessionRequestId"
            ],
            "orders": [],
            "createSql": "CREATE INDEX IF NOT EXISTS `index_sessionDeclined_sessionRequestId` ON `${TABLE_NAME}` (`sessionRequestId`)"
          },
          {
            "name": "index_sessionDeclined_declinedDateTime",
            "unique": false,
            "columnNames": [
              "declinedDateTime"
            ],
            "orders": [],
            "createSql": "CREATE INDEX IF NOT EXISTS `index_sessionDeclined_declinedDateTime` ON `${TABLE_NAME}` (`declinedDateTime`)"
          },
          {
            "name": "index_sessionDeclined_reason",
            "unique": false,
            "columnNames": [
              "reason"
            ],
            "orders": [],
            "createSql": "CREATE INDEX IF NOT EXISTS `index_sessionDeclined_reason` ON `${TABLE_NAME}` (`reason`)"
          },
          {
            "name": "index_sessionDeclined_content",
            "unique": false,
            "columnNames": [
              "content"
            ],
            "orders": [],
            "createSql": "CREATE INDEX IF NOT EXISTS `index_sessionDeclined_content` ON `${TABLE_NAME}` (`content`)"
          },
          {
            "name": "index_sessionDeclined_userId",
            "unique": false,
            "columnNames": [
              "userId"
            ],
            "orders": [],
            "createSql": "CREATE INDEX IF NOT EXISTS `index_sessionDeclined_userId` ON `${TABLE_NAME}` (`userId`)"
          }
        ],
        "foreignKeys": [
          {
            "table": "sessionRequest",
            "onDelete": "CASCADE",
            "onUpdate": "CASCADE",
            "columns": [
              "sessionRequestId"
            ],
            "referencedColumns": [
              "sessionRequestId"
            ]
          },
          {
            "table": "user",
            "onDelete": "CASCADE",
            "onUpdate": "CASCADE",
            "columns": [
              "userId"
            ],
            "referencedColumns": [
              "userId"
            ]
          }
        ]
      },
      {
        "tableName": "session",
        "createSql": "CREATE TABLE IF NOT EXISTS `${TABLE_NAME}` (`sessionId` TEXT NOT NULL, `startDateTime` TEXT NOT NULL, `endDateTime` TEXT NOT NULL, `cancelledDate` TEXT NOT NULL, `cancelAccommodation` TEXT NOT NULL, `sessionRequestId` TEXT NOT NULL, PRIMARY KEY(`sessionId`), FOREIGN KEY(`sessionRequestId`) REFERENCES `sessionRequest`(`sessionRequestId`) ON UPDATE CASCADE ON DELETE CASCADE )",
        "fields": [
          {
            "fieldPath": "sessionId",
            "columnName": "sessionId",
            "affinity": "TEXT",
            "notNull": true
          },
          {
            "fieldPath": "startDateTime",
            "columnName": "startDateTime",
            "affinity": "TEXT",
            "notNull": true
          },
          {
            "fieldPath": "endDateTime",
            "columnName": "endDateTime",
            "affinity": "TEXT",
            "notNull": true
          },
          {
            "fieldPath": "cancelledDate",
            "columnName": "cancelledDate",
            "affinity": "TEXT",
            "notNull": true
          },
          {
            "fieldPath": "cancelAccommodation",
            "columnName": "cancelAccommodation",
            "affinity": "TEXT",
            "notNull": true
          },
          {
            "fieldPath": "sessionRequestId",
            "columnName": "sessionRequestId",
            "affinity": "TEXT",
            "notNull": true
          }
        ],
        "primaryKey": {
          "autoGenerate": false,
          "columnNames": [
            "sessionId"
          ]
        },
        "indices": [
          {
            "name": "index_session_sessionId",
            "unique": false,
            "columnNames": [
              "sessionId"
            ],
            "orders": [],
            "createSql": "CREATE INDEX IF NOT EXISTS `index_session_sessionId` ON `${TABLE_NAME}` (`sessionId`)"
          },
          {
            "name": "index_session_startDateTime",
            "unique": false,
            "columnNames": [
              "startDateTime"
            ],
            "orders": [],
            "createSql": "CREATE INDEX IF NOT EXISTS `index_session_startDateTime` ON `${TABLE_NAME}` (`startDateTime`)"
          },
          {
            "name": "index_session_endDateTime",
            "unique": false,
            "columnNames": [
              "endDateTime"
            ],
            "orders": [],
            "createSql": "CREATE INDEX IF NOT EXISTS `index_session_endDateTime` ON `${TABLE_NAME}` (`endDateTime`)"
          },
          {
            "name": "index_session_cancelledDate",
            "unique": false,
            "columnNames": [
              "cancelledDate"
            ],
            "orders": [],
            "createSql": "CREATE INDEX IF NOT EXISTS `index_session_cancelledDate` ON `${TABLE_NAME}` (`cancelledDate`)"
          },
          {
            "name": "index_session_cancelAccommodation",
            "unique": false,
            "columnNames": [
              "cancelAccommodation"
            ],
            "orders": [],
            "createSql": "CREATE INDEX IF NOT EXISTS `index_session_cancelAccommodation` ON `${TABLE_NAME}` (`cancelAccommodation`)"
          },
          {
            "name": "index_session_sessionRequestId",
            "unique": false,
            "columnNames": [
              "sessionRequestId"
            ],
            "orders": [],
            "createSql": "CREATE INDEX IF NOT EXISTS `index_session_sessionRequestId` ON `${TABLE_NAME}` (`sessionRequestId`)"
          }
        ],
        "foreignKeys": [
          {
            "table": "sessionRequest",
            "onDelete": "CASCADE",
            "onUpdate": "CASCADE",
            "columns": [
              "sessionRequestId"
            ],
            "referencedColumns": [
              "sessionRequestId"
            ]
          }
        ]
      },
      {
        "tableName": "rescheduledSession",
        "createSql": "CREATE TABLE IF NOT EXISTS `${TABLE_NAME}` (`cancelledSessionId` TEXT NOT NULL, `newSessionId` TEXT NOT NULL, PRIMARY KEY(`cancelledSessionId`), FOREIGN KEY(`cancelledSessionId`) REFERENCES `session`(`sessionId`) ON UPDATE CASCADE ON DELETE CASCADE )",
        "fields": [
          {
            "fieldPath": "cancelledSessionId",
            "columnName": "cancelledSessionId",
            "affinity": "TEXT",
            "notNull": true
          },
          {
            "fieldPath": "newSessionId",
            "columnName": "newSessionId",
            "affinity": "TEXT",
            "notNull": true
          }
        ],
        "primaryKey": {
          "autoGenerate": false,
          "columnNames": [
            "cancelledSessionId"
          ]
        },
        "indices": [
          {
            "name": "index_rescheduledSession_cancelledSessionId",
            "unique": false,
            "columnNames": [
              "cancelledSessionId"
            ],
            "orders": [],
            "createSql": "CREATE INDEX IF NOT EXISTS `index_rescheduledSession_cancelledSessionId` ON `${TABLE_NAME}` (`cancelledSessionId`)"
          },
          {
            "name": "index_rescheduledSession_newSessionId",
            "unique": false,
            "columnNames": [
              "newSessionId"
            ],
            "orders": [],
            "createSql": "CREATE INDEX IF NOT EXISTS `index_rescheduledSession_newSessionId` ON `${TABLE_NAME}` (`newSessionId`)"
          }
        ],
        "foreignKeys": [
          {
            "table": "session",
            "onDelete": "CASCADE",
            "onUpdate": "CASCADE",
            "columns": [
              "cancelledSessionId"
            ],
            "referencedColumns": [
              "sessionId"
            ]
          }
        ]
      },
      {
        "tableName": "refundedSession",
        "createSql": "CREATE TABLE IF NOT EXISTS `${TABLE_NAME}` (`cancelledSessionId` TEXT NOT NULL, `refundCost` REAL NOT NULL, `refundZonedDateTime` TEXT NOT NULL, `refundStatus` TEXT NOT NULL, PRIMARY KEY(`cancelledSessionId`), FOREIGN KEY(`cancelledSessionId`) REFERENCES `session`(`sessionId`) ON UPDATE CASCADE ON DELETE CASCADE )",
        "fields": [
          {
            "fieldPath": "cancelledSessionId",
            "columnName": "cancelledSessionId",
            "affinity": "TEXT",
            "notNull": true
          },
          {
            "fieldPath": "refundCost",
            "columnName": "refundCost",
            "affinity": "REAL",
            "notNull": true
          },
          {
            "fieldPath": "refundZonedDateTime",
            "columnName": "refundZonedDateTime",
            "affinity": "TEXT",
            "notNull": true
          },
          {
            "fieldPath": "refundStatus",
            "columnName": "refundStatus",
            "affinity": "TEXT",
            "notNull": true
          }
        ],
        "primaryKey": {
          "autoGenerate": false,
          "columnNames": [
            "cancelledSessionId"
          ]
        },
        "indices": [
          {
            "name": "index_refundedSession_cancelledSessionId",
            "unique": false,
            "columnNames": [
              "cancelledSessionId"
            ],
            "orders": [],
            "createSql": "CREATE INDEX IF NOT EXISTS `index_refundedSession_cancelledSessionId` ON `${TABLE_NAME}` (`cancelledSessionId`)"
          },
          {
            "name": "index_refundedSession_refundCost",
            "unique": false,
            "columnNames": [
              "refundCost"
            ],
            "orders": [],
            "createSql": "CREATE INDEX IF NOT EXISTS `index_refundedSession_refundCost` ON `${TABLE_NAME}` (`refundCost`)"
          },
          {
            "name": "index_refundedSession_refundZonedDateTime",
            "unique": false,
            "columnNames": [
              "refundZonedDateTime"
            ],
            "orders": [],
            "createSql": "CREATE INDEX IF NOT EXISTS `index_refundedSession_refundZonedDateTime` ON `${TABLE_NAME}` (`refundZonedDateTime`)"
          },
          {
            "name": "index_refundedSession_refundStatus",
            "unique": false,
            "columnNames": [
              "refundStatus"
            ],
            "orders": [],
            "createSql": "CREATE INDEX IF NOT EXISTS `index_refundedSession_refundStatus` ON `${TABLE_NAME}` (`refundStatus`)"
          }
        ],
        "foreignKeys": [
          {
            "table": "session",
            "onDelete": "CASCADE",
            "onUpdate": "CASCADE",
            "columns": [
              "cancelledSessionId"
            ],
            "referencedColumns": [
              "sessionId"
            ]
          }
        ]
      },
      {
        "tableName": "qualifications",
        "createSql": "CREATE TABLE IF NOT EXISTS `${TABLE_NAME}` (`qualificationsId` TEXT NOT NULL, `degree` TEXT NOT NULL, `startDate` TEXT NOT NULL, `endDate` TEXT NOT NULL, `institute` TEXT NOT NULL, `sortIndex` INTEGER NOT NULL, `userId` TEXT NOT NULL, PRIMARY KEY(`qualificationsId`), FOREIGN KEY(`userId`) REFERENCES `tutor`(`userId`) ON UPDATE CASCADE ON DELETE CASCADE )",
        "fields": [
          {
            "fieldPath": "qualificationsId",
            "columnName": "qualificationsId",
            "affinity": "TEXT",
            "notNull": true
          },
          {
            "fieldPath": "degree",
            "columnName": "degree",
            "affinity": "TEXT",
            "notNull": true
          },
          {
            "fieldPath": "startDate",
            "columnName": "startDate",
            "affinity": "TEXT",
            "notNull": true
          },
          {
            "fieldPath": "endDate",
            "columnName": "endDate",
            "affinity": "TEXT",
            "notNull": true
          },
          {
            "fieldPath": "institute",
            "columnName": "institute",
            "affinity": "TEXT",
            "notNull": true
          },
          {
            "fieldPath": "sortIndex",
            "columnName": "sortIndex",
            "affinity": "INTEGER",
            "notNull": true
          },
          {
            "fieldPath": "userId",
            "columnName": "userId",
            "affinity": "TEXT",
            "notNull": true
          }
        ],
        "primaryKey": {
          "autoGenerate": false,
          "columnNames": [
            "qualificationsId"
          ]
        },
        "indices": [
          {
            "name": "index_qualifications_qualificationsId",
            "unique": false,
            "columnNames": [
              "qualificationsId"
            ],
            "orders": [],
            "createSql": "CREATE INDEX IF NOT EXISTS `index_qualifications_qualificationsId` ON `${TABLE_NAME}` (`qualificationsId`)"
          },
          {
            "name": "index_qualifications_degree",
            "unique": false,
            "columnNames": [
              "degree"
            ],
            "orders": [],
            "createSql": "CREATE INDEX IF NOT EXISTS `index_qualifications_degree` ON `${TABLE_NAME}` (`degree`)"
          },
          {
            "name": "index_qualifications_startDate",
            "unique": false,
            "columnNames": [
              "startDate"
            ],
            "orders": [],
            "createSql": "CREATE INDEX IF NOT EXISTS `index_qualifications_startDate` ON `${TABLE_NAME}` (`startDate`)"
          },
          {
            "name": "index_qualifications_endDate",
            "unique": false,
            "columnNames": [
              "endDate"
            ],
            "orders": [],
            "createSql": "CREATE INDEX IF NOT EXISTS `index_qualifications_endDate` ON `${TABLE_NAME}` (`endDate`)"
          },
          {
            "name": "index_qualifications_institute",
            "unique": false,
            "columnNames": [
              "institute"
            ],
            "orders": [],
            "createSql": "CREATE INDEX IF NOT EXISTS `index_qualifications_institute` ON `${TABLE_NAME}` (`institute`)"
          },
          {
            "name": "index_qualifications_sortIndex",
            "unique": false,
            "columnNames": [
              "sortIndex"
            ],
            "orders": [],
            "createSql": "CREATE INDEX IF NOT EXISTS `index_qualifications_sortIndex` ON `${TABLE_NAME}` (`sortIndex`)"
          },
          {
            "name": "index_qualifications_userId",
            "unique": false,
            "columnNames": [
              "userId"
            ],
            "orders": [],
            "createSql": "CREATE INDEX IF NOT EXISTS `index_qualifications_userId` ON `${TABLE_NAME}` (`userId`)"
          }
        ],
        "foreignKeys": [
          {
            "table": "tutor",
            "onDelete": "CASCADE",
            "onUpdate": "CASCADE",
            "columns": [
              "userId"
            ],
            "referencedColumns": [
              "userId"
            ]
          }
        ]
      },
      {
        "tableName": "payments",
        "createSql": "CREATE TABLE IF NOT EXISTS `${TABLE_NAME}` (`paymentsId` TEXT NOT NULL, `hourlyRate` REAL NOT NULL, `tutorFee` REAL NOT NULL, `studentFee` REAL NOT NULL, `announcementDateTime` TEXT NOT NULL, `changeDateTime` TEXT NOT NULL, `createdAt` TEXT NOT NULL, PRIMARY KEY(`paymentsId`))",
        "fields": [
          {
            "fieldPath": "paymentsId",
            "columnName": "paymentsId",
            "affinity": "TEXT",
            "notNull": true
          },
          {
            "fieldPath": "hourlyRate",
            "columnName": "hourlyRate",
            "affinity": "REAL",
            "notNull": true
          },
          {
            "fieldPath": "tutorFee",
            "columnName": "tutorFee",
            "affinity": "REAL",
            "notNull": true
          },
          {
            "fieldPath": "studentFee",
            "columnName": "studentFee",
            "affinity": "REAL",
            "notNull": true
          },
          {
            "fieldPath": "announcementDateTime",
            "columnName": "announcementDateTime",
            "affinity": "TEXT",
            "notNull": true
          },
          {
            "fieldPath": "changeDateTime",
            "columnName": "changeDateTime",
            "affinity": "TEXT",
            "notNull": true
          },
          {
            "fieldPath": "createdAt",
            "columnName": "createdAt",
            "affinity": "TEXT",
            "notNull": true
          }
        ],
        "primaryKey": {
          "autoGenerate": false,
          "columnNames": [
            "paymentsId"
          ]
        },
        "indices": [
          {
            "name": "index_payments_paymentsId",
            "unique": false,
            "columnNames": [
              "paymentsId"
            ],
            "orders": [],
            "createSql": "CREATE INDEX IF NOT EXISTS `index_payments_paymentsId` ON `${TABLE_NAME}` (`paymentsId`)"
          },
          {
            "name": "index_payments_hourlyRate",
            "unique": false,
            "columnNames": [
              "hourlyRate"
            ],
            "orders": [],
            "createSql": "CREATE INDEX IF NOT EXISTS `index_payments_hourlyRate` ON `${TABLE_NAME}` (`hourlyRate`)"
          },
          {
            "name": "index_payments_tutorFee",
            "unique": false,
            "columnNames": [
              "tutorFee"
            ],
            "orders": [],
            "createSql": "CREATE INDEX IF NOT EXISTS `index_payments_tutorFee` ON `${TABLE_NAME}` (`tutorFee`)"
          },
          {
            "name": "index_payments_studentFee",
            "unique": false,
            "columnNames": [
              "studentFee"
            ],
            "orders": [],
            "createSql": "CREATE INDEX IF NOT EXISTS `index_payments_studentFee` ON `${TABLE_NAME}` (`studentFee`)"
          },
          {
            "name": "index_payments_announcementDateTime",
            "unique": false,
            "columnNames": [
              "announcementDateTime"
            ],
            "orders": [],
            "createSql": "CREATE INDEX IF NOT EXISTS `index_payments_announcementDateTime` ON `${TABLE_NAME}` (`announcementDateTime`)"
          },
          {
            "name": "index_payments_changeDateTime",
            "unique": false,
            "columnNames": [
              "changeDateTime"
            ],
            "orders": [],
            "createSql": "CREATE INDEX IF NOT EXISTS `index_payments_changeDateTime` ON `${TABLE_NAME}` (`changeDateTime`)"
          },
          {
            "name": "index_payments_createdAt",
            "unique": false,
            "columnNames": [
              "createdAt"
            ],
            "orders": [],
            "createSql": "CREATE INDEX IF NOT EXISTS `index_payments_createdAt` ON `${TABLE_NAME}` (`createdAt`)"
          }
        ],
        "foreignKeys": []
      },
      {
        "tableName": "message",
        "createSql": "CREATE TABLE IF NOT EXISTS `${TABLE_NAME}` (`messageId` TEXT NOT NULL, `content` TEXT NOT NULL, `type` TEXT NOT NULL, `sentDateTime` TEXT NOT NULL, `senderId` TEXT NOT NULL, `chatId` TEXT NOT NULL, PRIMARY KEY(`messageId`), FOREIGN KEY(`senderId`) REFERENCES `user`(`userId`) ON UPDATE CASCADE ON DELETE CASCADE , FOREIGN KEY(`chatId`) REFERENCES `chat`(`chatId`) ON UPDATE CASCADE ON DELETE CASCADE )",
        "fields": [
          {
            "fieldPath": "messageId",
            "columnName": "messageId",
            "affinity": "TEXT",
            "notNull": true
          },
          {
            "fieldPath": "content",
            "columnName": "content",
            "affinity": "TEXT",
            "notNull": true
          },
          {
            "fieldPath": "type",
            "columnName": "type",
            "affinity": "TEXT",
            "notNull": true
          },
          {
            "fieldPath": "sentDateTime",
            "columnName": "sentDateTime",
            "affinity": "TEXT",
            "notNull": true
          },
          {
            "fieldPath": "senderId",
            "columnName": "senderId",
            "affinity": "TEXT",
            "notNull": true
          },
          {
            "fieldPath": "chatId",
            "columnName": "chatId",
            "affinity": "TEXT",
            "notNull": true
          }
        ],
        "primaryKey": {
          "autoGenerate": false,
          "columnNames": [
            "messageId"
          ]
        },
        "indices": [
          {
            "name": "index_message_messageId",
            "unique": false,
            "columnNames": [
              "messageId"
            ],
            "orders": [],
            "createSql": "CREATE INDEX IF NOT EXISTS `index_message_messageId` ON `${TABLE_NAME}` (`messageId`)"
          },
          {
            "name": "index_message_content",
            "unique": false,
            "columnNames": [
              "content"
            ],
            "orders": [],
            "createSql": "CREATE INDEX IF NOT EXISTS `index_message_content` ON `${TABLE_NAME}` (`content`)"
          },
          {
            "name": "index_message_type",
            "unique": false,
            "columnNames": [
              "type"
            ],
            "orders": [],
            "createSql": "CREATE INDEX IF NOT EXISTS `index_message_type` ON `${TABLE_NAME}` (`type`)"
          },
          {
            "name": "index_message_sentDateTime",
            "unique": false,
            "columnNames": [
              "sentDateTime"
            ],
            "orders": [],
            "createSql": "CREATE INDEX IF NOT EXISTS `index_message_sentDateTime` ON `${TABLE_NAME}` (`sentDateTime`)"
          },
          {
            "name": "index_message_senderId",
            "unique": false,
            "columnNames": [
              "senderId"
            ],
            "orders": [],
            "createSql": "CREATE INDEX IF NOT EXISTS `index_message_senderId` ON `${TABLE_NAME}` (`senderId`)"
          },
          {
            "name": "index_message_chatId",
            "unique": false,
            "columnNames": [
              "chatId"
            ],
            "orders": [],
            "createSql": "CREATE INDEX IF NOT EXISTS `index_message_chatId` ON `${TABLE_NAME}` (`chatId`)"
          }
        ],
        "foreignKeys": [
          {
            "table": "user",
            "onDelete": "CASCADE",
            "onUpdate": "CASCADE",
            "columns": [
              "senderId"
            ],
            "referencedColumns": [
              "userId"
            ]
          },
          {
            "table": "chat",
            "onDelete": "CASCADE",
            "onUpdate": "CASCADE",
            "columns": [
              "chatId"
            ],
            "referencedColumns": [
              "chatId"
            ]
          }
        ]
      },
      {
        "tableName": "chat",
        "createSql": "CREATE TABLE IF NOT EXISTS `${TABLE_NAME}` (`chatId` TEXT NOT NULL, `userOneId` TEXT NOT NULL, `userTwoId` TEXT NOT NULL, `lastMessage` TEXT NOT NULL, `lastDateTime` TEXT NOT NULL, PRIMARY KEY(`chatId`), FOREIGN KEY(`userOneId`) REFERENCES `user`(`userId`) ON UPDATE CASCADE ON DELETE CASCADE , FOREIGN KEY(`userTwoId`) REFERENCES `user`(`userId`) ON UPDATE CASCADE ON DELETE CASCADE )",
        "fields": [
          {
            "fieldPath": "chatId",
            "columnName": "chatId",
            "affinity": "TEXT",
            "notNull": true
          },
          {
            "fieldPath": "userOneId",
            "columnName": "userOneId",
            "affinity": "TEXT",
            "notNull": true
          },
          {
            "fieldPath": "userTwoId",
            "columnName": "userTwoId",
            "affinity": "TEXT",
            "notNull": true
          },
          {
            "fieldPath": "lastMessage",
            "columnName": "lastMessage",
            "affinity": "TEXT",
            "notNull": true
          },
          {
            "fieldPath": "lastDateTime",
            "columnName": "lastDateTime",
            "affinity": "TEXT",
            "notNull": true
          }
        ],
        "primaryKey": {
          "autoGenerate": false,
          "columnNames": [
            "chatId"
          ]
        },
        "indices": [
          {
            "name": "index_chat_userOneId",
            "unique": false,
            "columnNames": [
              "userOneId"
            ],
            "orders": [],
            "createSql": "CREATE INDEX IF NOT EXISTS `index_chat_userOneId` ON `${TABLE_NAME}` (`userOneId`)"
          },
          {
            "name": "index_chat_userTwoId",
            "unique": false,
            "columnNames": [
              "userTwoId"
            ],
            "orders": [],
            "createSql": "CREATE INDEX IF NOT EXISTS `index_chat_userTwoId` ON `${TABLE_NAME}` (`userTwoId`)"
          },
          {
            "name": "index_chat_lastMessage",
            "unique": false,
            "columnNames": [
              "lastMessage"
            ],
            "orders": [],
            "createSql": "CREATE INDEX IF NOT EXISTS `index_chat_lastMessage` ON `${TABLE_NAME}` (`lastMessage`)"
          },
          {
            "name": "index_chat_lastDateTime",
            "unique": false,
            "columnNames": [
              "lastDateTime"
            ],
            "orders": [],
            "createSql": "CREATE INDEX IF NOT EXISTS `index_chat_lastDateTime` ON `${TABLE_NAME}` (`lastDateTime`)"
          }
        ],
        "foreignKeys": [
          {
            "table": "user",
            "onDelete": "CASCADE",
            "onUpdate": "CASCADE",
            "columns": [
              "userOneId"
            ],
            "referencedColumns": [
              "userId"
            ]
          },
          {
            "table": "user",
            "onDelete": "CASCADE",
            "onUpdate": "CASCADE",
            "columns": [
              "userTwoId"
            ],
            "referencedColumns": [
              "userId"
            ]
          }
        ]
      },
      {
        "tableName": "adminBan",
        "createSql": "CREATE TABLE IF NOT EXISTS `${TABLE_NAME}` (`userId` TEXT NOT NULL, `adminId` TEXT NOT NULL, `banDateTime` TEXT NOT NULL, `unbanDateTime` TEXT NOT NULL, `reason` TEXT NOT NULL, `content` TEXT NOT NULL, PRIMARY KEY(`userId`), FOREIGN KEY(`userId`) REFERENCES `user`(`userId`) ON UPDATE CASCADE ON DELETE CASCADE )",
        "fields": [
          {
            "fieldPath": "userId",
            "columnName": "userId",
            "affinity": "TEXT",
            "notNull": true
          },
          {
            "fieldPath": "adminId",
            "columnName": "adminId",
            "affinity": "TEXT",
            "notNull": true
          },
          {
            "fieldPath": "banDateTime",
            "columnName": "banDateTime",
            "affinity": "TEXT",
            "notNull": true
          },
          {
            "fieldPath": "unbanDateTime",
            "columnName": "unbanDateTime",
            "affinity": "TEXT",
            "notNull": true
          },
          {
            "fieldPath": "reason",
            "columnName": "reason",
            "affinity": "TEXT",
            "notNull": true
          },
          {
            "fieldPath": "content",
            "columnName": "content",
            "affinity": "TEXT",
            "notNull": true
          }
        ],
        "primaryKey": {
          "autoGenerate": false,
          "columnNames": [
            "userId"
          ]
        },
        "indices": [
          {
            "name": "index_adminBan_userId",
            "unique": false,
            "columnNames": [
              "userId"
            ],
            "orders": [],
            "createSql": "CREATE INDEX IF NOT EXISTS `index_adminBan_userId` ON `${TABLE_NAME}` (`userId`)"
          },
          {
            "name": "index_adminBan_adminId",
            "unique": false,
            "columnNames": [
              "adminId"
            ],
            "orders": [],
            "createSql": "CREATE INDEX IF NOT EXISTS `index_adminBan_adminId` ON `${TABLE_NAME}` (`adminId`)"
          },
          {
            "name": "index_adminBan_banDateTime",
            "unique": false,
            "columnNames": [
              "banDateTime"
            ],
            "orders": [],
            "createSql": "CREATE INDEX IF NOT EXISTS `index_adminBan_banDateTime` ON `${TABLE_NAME}` (`banDateTime`)"
          },
          {
            "name": "index_adminBan_unbanDateTime",
            "unique": false,
            "columnNames": [
              "unbanDateTime"
            ],
            "orders": [],
            "createSql": "CREATE INDEX IF NOT EXISTS `index_adminBan_unbanDateTime` ON `${TABLE_NAME}` (`unbanDateTime`)"
          },
          {
            "name": "index_adminBan_reason",
            "unique": false,
            "columnNames": [
              "reason"
            ],
            "orders": [],
            "createSql": "CREATE INDEX IF NOT EXISTS `index_adminBan_reason` ON `${TABLE_NAME}` (`reason`)"
          },
          {
            "name": "index_adminBan_content",
            "unique": false,
            "columnNames": [
              "content"
            ],
            "orders": [],
            "createSql": "CREATE INDEX IF NOT EXISTS `index_adminBan_content` ON `${TABLE_NAME}` (`content`)"
          }
        ],
        "foreignKeys": [
          {
            "table": "user",
            "onDelete": "CASCADE",
            "onUpdate": "CASCADE",
            "columns": [
              "userId"
            ],
            "referencedColumns": [
              "userId"
            ]
          }
        ]
      }
    ],
    "views": [],
    "setupQueries": [
      "CREATE TABLE IF NOT EXISTS room_master_table (id INTEGER PRIMARY KEY,identity_hash TEXT)",
      "INSERT OR REPLACE INTO room_master_table (id,identity_hash) VALUES(42, 'ea8dff6e86462a1a8764f92e107c42df')"
    ]
  }
}