{
  "formatVersion": 1,
  "database": {
    "version": 2,
    "identityHash": "2dc7d8897c5c1211d16d5980b58ad0a1",
    "entities": [
      {
        "tableName": "user",
        "createSql": "CREATE TABLE IF NOT EXISTS `${TABLE_NAME}` (`userId` INTEGER PRIMARY KEY AUTOINCREMENT NOT NULL, `username` TEXT NOT NULL, `email` TEXT NOT NULL, `password` TEXT NOT NULL, `isDeactivated` INTEGER NOT NULL, `firstName` TEXT NOT NULL, `lastName` TEXT NOT NULL, `phoneNumber` TEXT NOT NULL, `dateOfBirth` TEXT NOT NULL, `isAdmin` INTEGER NOT NULL, `isTutor` INTEGER NOT NULL, `timezone` TEXT NOT NULL, `acceptedTC` TEXT NOT NULL, `createdAt` TEXT NOT NULL, `modifiedAt` TEXT NOT NULL)",
        "fields": [
          {
            "fieldPath": "userId",
            "columnName": "userId",
            "affinity": "INTEGER",
            "notNull": true
          },
          {
            "fieldPath": "username",
            "columnName": "username",
            "affinity": "TEXT",
            "notNull": true
          },
          {
            "fieldPath": "email",
            "columnName": "email",
            "affinity": "TEXT",
            "notNull": true
          },
          {
            "fieldPath": "password",
            "columnName": "password",
            "affinity": "TEXT",
            "notNull": true
          },
          {
            "fieldPath": "isDeactivated",
            "columnName": "isDeactivated",
            "affinity": "INTEGER",
            "notNull": true
          },
          {
            "fieldPath": "firstName",
            "columnName": "firstName",
            "affinity": "TEXT",
            "notNull": true
          },
          {
            "fieldPath": "lastName",
            "columnName": "lastName",
            "affinity": "TEXT",
            "notNull": true
          },
          {
            "fieldPath": "phoneNumber",
            "columnName": "phoneNumber",
            "affinity": "TEXT",
            "notNull": true
          },
          {
            "fieldPath": "dateOfBirth",
            "columnName": "dateOfBirth",
            "affinity": "TEXT",
            "notNull": true
          },
          {
            "fieldPath": "isAdmin",
            "columnName": "isAdmin",
            "affinity": "INTEGER",
            "notNull": true
          },
          {
            "fieldPath": "isTutor",
            "columnName": "isTutor",
            "affinity": "INTEGER",
            "notNull": true
          },
          {
            "fieldPath": "timezone",
            "columnName": "timezone",
            "affinity": "TEXT",
            "notNull": true
          },
          {
            "fieldPath": "acceptedTC",
            "columnName": "acceptedTC",
            "affinity": "TEXT",
            "notNull": true
          },
          {
            "fieldPath": "createdAt",
            "columnName": "createdAt",
            "affinity": "TEXT",
            "notNull": true
          },
          {
            "fieldPath": "modifiedAt",
            "columnName": "modifiedAt",
            "affinity": "TEXT",
            "notNull": true
          }
        ],
        "primaryKey": {
          "autoGenerate": true,
          "columnNames": [
            "userId"
          ]
        },
        "indices": [],
        "foreignKeys": []
      },
      {
        "tableName": "tutorWeeklyAvailability",
        "createSql": "CREATE TABLE IF NOT EXISTS `${TABLE_NAME}` (`weeklyAvailabilityId` INTEGER PRIMARY KEY AUTOINCREMENT NOT NULL, `weekday` TEXT NOT NULL, `startTime` TEXT NOT NULL, `endTime` TEXT NOT NULL, `tutorAvailabilityId` INTEGER NOT NULL, FOREIGN KEY(`tutorAvailabilityId`) REFERENCES `tutorAvailability`(`tutorAvailabilityId`) ON UPDATE CASCADE ON DELETE CASCADE )",
        "fields": [
          {
            "fieldPath": "weeklyAvailabilityId",
            "columnName": "weeklyAvailabilityId",
            "affinity": "INTEGER",
            "notNull": true
          },
          {
            "fieldPath": "weekday",
            "columnName": "weekday",
            "affinity": "TEXT",
            "notNull": true
          },
          {
            "fieldPath": "startTime",
            "columnName": "startTime",
            "affinity": "TEXT",
            "notNull": true
          },
          {
            "fieldPath": "endTime",
            "columnName": "endTime",
            "affinity": "TEXT",
            "notNull": true
          },
          {
            "fieldPath": "tutorAvailabilityId",
            "columnName": "tutorAvailabilityId",
            "affinity": "INTEGER",
            "notNull": true
          }
        ],
        "primaryKey": {
          "autoGenerate": true,
          "columnNames": [
            "weeklyAvailabilityId"
          ]
        },
        "indices": [],
        "foreignKeys": [
          {
            "table": "tutorAvailability",
            "onDelete": "CASCADE",
            "onUpdate": "CASCADE",
            "columns": [
              "tutorAvailabilityId"
            ],
            "referencedColumns": [
              "tutorAvailabilityId"
            ]
          }
        ]
      },
      {
        "tableName": "tutorUnavailableDates",
        "createSql": "CREATE TABLE IF NOT EXISTS `${TABLE_NAME}` (`tutorUnavailableTimeId` INTEGER PRIMARY KEY AUTOINCREMENT NOT NULL, `startDateTime` TEXT NOT NULL, `endDateTime` TEXT NOT NULL, `tutorAvailabilityId` INTEGER NOT NULL, FOREIGN KEY(`tutorAvailabilityId`) REFERENCES `tutorAvailability`(`tutorAvailabilityId`) ON UPDATE CASCADE ON DELETE CASCADE )",
        "fields": [
          {
            "fieldPath": "tutorUnavailableTimeId",
            "columnName": "tutorUnavailableTimeId",
            "affinity": "INTEGER",
            "notNull": true
          },
          {
            "fieldPath": "startDateTime",
            "columnName": "startDateTime",
            "affinity": "TEXT",
            "notNull": true
          },
          {
            "fieldPath": "endDateTime",
            "columnName": "endDateTime",
            "affinity": "TEXT",
            "notNull": true
          },
          {
            "fieldPath": "tutorAvailabilityId",
            "columnName": "tutorAvailabilityId",
            "affinity": "INTEGER",
            "notNull": true
          }
        ],
        "primaryKey": {
          "autoGenerate": true,
          "columnNames": [
            "tutorUnavailableTimeId"
          ]
        },
        "indices": [],
        "foreignKeys": [
          {
            "table": "tutorAvailability",
            "onDelete": "CASCADE",
            "onUpdate": "CASCADE",
            "columns": [
              "tutorAvailabilityId"
            ],
            "referencedColumns": [
              "tutorAvailabilityId"
            ]
          }
        ]
      },
      {
        "tableName": "tutorPayout",
        "createSql": "CREATE TABLE IF NOT EXISTS `${TABLE_NAME}` (`tutorPayoutId` INTEGER PRIMARY KEY AUTOINCREMENT NOT NULL, `payoutTotal` REAL NOT NULL, `payoutDateTime` TEXT NOT NULL, `paymentStatus` TEXT NOT NULL, `sessionId` INTEGER NOT NULL, FOREIGN KEY(`sessionId`) REFERENCES `session`(`sessionId`) ON UPDATE CASCADE ON DELETE CASCADE )",
        "fields": [
          {
            "fieldPath": "tutorPayoutId",
            "columnName": "tutorPayoutId",
            "affinity": "INTEGER",
            "notNull": true
          },
          {
            "fieldPath": "payoutTotal",
            "columnName": "payoutTotal",
            "affinity": "REAL",
            "notNull": true
          },
          {
            "fieldPath": "payoutDateTime",
            "columnName": "payoutDateTime",
            "affinity": "TEXT",
            "notNull": true
          },
          {
            "fieldPath": "paymentStatus",
            "columnName": "paymentStatus",
            "affinity": "TEXT",
            "notNull": true
          },
          {
            "fieldPath": "sessionId",
            "columnName": "sessionId",
            "affinity": "INTEGER",
            "notNull": true
          }
        ],
        "primaryKey": {
          "autoGenerate": true,
          "columnNames": [
            "tutorPayoutId"
          ]
        },
        "indices": [],
        "foreignKeys": [
          {
            "table": "session",
            "onDelete": "CASCADE",
            "onUpdate": "CASCADE",
            "columns": [
              "sessionId"
            ],
            "referencedColumns": [
              "sessionId"
            ]
          }
        ]
      },
      {
        "tableName": "tutorAvailability",
        "createSql": "CREATE TABLE IF NOT EXISTS `${TABLE_NAME}` (`tutorAvailabilityId` INTEGER PRIMARY KEY AUTOINCREMENT NOT NULL, `updatedOnDateTime` TEXT NOT NULL, `month` INTEGER NOT NULL, `year` INTEGER NOT NULL, `userId` INTEGER NOT NULL, FOREIGN KEY(`userId`) REFERENCES `user`(`userId`) ON UPDATE CASCADE ON DELETE CASCADE )",
        "fields": [
          {
            "fieldPath": "tutorAvailabilityId",
            "columnName": "tutorAvailabilityId",
            "affinity": "INTEGER",
            "notNull": true
          },
          {
            "fieldPath": "updatedOnDateTime",
            "columnName": "updatedOnDateTime",
            "affinity": "TEXT",
            "notNull": true
          },
          {
            "fieldPath": "month",
            "columnName": "month",
            "affinity": "INTEGER",
            "notNull": true
          },
          {
            "fieldPath": "year",
            "columnName": "year",
            "affinity": "INTEGER",
            "notNull": true
          },
          {
            "fieldPath": "userId",
            "columnName": "userId",
            "affinity": "INTEGER",
            "notNull": true
          }
        ],
        "primaryKey": {
          "autoGenerate": true,
          "columnNames": [
            "tutorAvailabilityId"
          ]
        },
        "indices": [],
        "foreignKeys": [
          {
            "table": "user",
            "onDelete": "CASCADE",
            "onUpdate": "CASCADE",
            "columns": [
              "userId"
            ],
            "referencedColumns": [
              "userId"
            ]
          }
        ]
      },
      {
        "tableName": "tutor",
        "createSql": "CREATE TABLE IF NOT EXISTS `${TABLE_NAME}` (`userId` INTEGER NOT NULL, `createdAt` TEXT NOT NULL, `isDeactivated` INTEGER NOT NULL, `completedOnboarding` TEXT NOT NULL, PRIMARY KEY(`userId`), FOREIGN KEY(`userId`) REFERENCES `user`(`userId`) ON UPDATE CASCADE ON DELETE CASCADE )",
        "fields": [
          {
            "fieldPath": "userId",
            "columnName": "userId",
            "affinity": "INTEGER",
            "notNull": true
          },
          {
            "fieldPath": "createdAt",
            "columnName": "createdAt",
            "affinity": "TEXT",
            "notNull": true
          },
          {
            "fieldPath": "isDeactivated",
            "columnName": "isDeactivated",
            "affinity": "INTEGER",
            "notNull": true
          },
          {
            "fieldPath": "completedOnboarding",
            "columnName": "completedOnboarding",
            "affinity": "TEXT",
            "notNull": true
          }
        ],
        "primaryKey": {
          "autoGenerate": false,
          "columnNames": [
            "userId"
          ]
        },
        "indices": [],
        "foreignKeys": [
          {
            "table": "user",
            "onDelete": "CASCADE",
            "onUpdate": "CASCADE",
            "columns": [
              "userId"
            ],
            "referencedColumns": [
              "userId"
            ]
          }
        ]
      },
      {
        "tableName": "subjectLevel",
        "createSql": "CREATE TABLE IF NOT EXISTS `${TABLE_NAME}` (`subjectLevelId` INTEGER PRIMARY KEY AUTOINCREMENT NOT NULL, `subjectId` INTEGER NOT NULL, `gradeLevels` TEXT NOT NULL, FOREIGN KEY(`subjectId`) REFERENCES `subject`(`subjectId`) ON UPDATE CASCADE ON DELETE CASCADE )",
        "fields": [
          {
            "fieldPath": "subjectLevelId",
            "columnName": "subjectLevelId",
            "affinity": "INTEGER",
            "notNull": true
          },
          {
            "fieldPath": "subjectId",
            "columnName": "subjectId",
            "affinity": "INTEGER",
            "notNull": true
          },
          {
            "fieldPath": "gradeLevels",
            "columnName": "gradeLevels",
            "affinity": "TEXT",
            "notNull": true
          }
        ],
        "primaryKey": {
          "autoGenerate": true,
          "columnNames": [
            "subjectLevelId"
          ]
        },
        "indices": [],
        "foreignKeys": [
          {
            "table": "subject",
            "onDelete": "CASCADE",
            "onUpdate": "CASCADE",
            "columns": [
              "subjectId"
            ],
            "referencedColumns": [
              "subjectId"
            ]
          }
        ]
      },
      {
        "tableName": "subject",
        "createSql": "CREATE TABLE IF NOT EXISTS `${TABLE_NAME}` (`subjectId` INTEGER PRIMARY KEY AUTOINCREMENT NOT NULL, `subject` TEXT NOT NULL)",
        "fields": [
          {
            "fieldPath": "subjectId",
            "columnName": "subjectId",
            "affinity": "INTEGER",
            "notNull": true
          },
          {
            "fieldPath": "subject",
            "columnName": "subject",
            "affinity": "TEXT",
            "notNull": true
          }
        ],
        "primaryKey": {
          "autoGenerate": true,
          "columnNames": [
            "subjectId"
          ]
        },
        "indices": [],
        "foreignKeys": []
      },
      {
        "tableName": "studentPreference",
        "createSql": "CREATE TABLE IF NOT EXISTS `${TABLE_NAME}` (`studentPreferenceId` INTEGER PRIMARY KEY AUTOINCREMENT NOT NULL, `totalHoursPerWeek` INTEGER NOT NULL, `createdAt` TEXT NOT NULL)",
        "fields": [
          {
            "fieldPath": "studentPreferenceId",
            "columnName": "studentPreferenceId",
            "affinity": "INTEGER",
            "notNull": true
          },
          {
            "fieldPath": "totalHoursPerWeek",
            "columnName": "totalHoursPerWeek",
            "affinity": "INTEGER",
            "notNull": true
          },
          {
            "fieldPath": "createdAt",
            "columnName": "createdAt",
            "affinity": "TEXT",
            "notNull": true
          }
        ],
        "primaryKey": {
          "autoGenerate": true,
          "columnNames": [
            "studentPreferenceId"
          ]
        },
        "indices": [],
        "foreignKeys": []
      },
      {
        "tableName": "studentAvailability",
        "createSql": "CREATE TABLE IF NOT EXISTS `${TABLE_NAME}` (`studentAvailabilityId` INTEGER PRIMARY KEY AUTOINCREMENT NOT NULL, `sessionRequestId` INTEGER NOT NULL, `weekday` TEXT NOT NULL, `startTime` TEXT NOT NULL, `endTime` TEXT NOT NULL, FOREIGN KEY(`sessionRequestId`) REFERENCES `sessionRequest`(`sessionRequestId`) ON UPDATE CASCADE ON DELETE CASCADE )",
        "fields": [
          {
            "fieldPath": "studentAvailabilityId",
            "columnName": "studentAvailabilityId",
            "affinity": "INTEGER",
            "notNull": true
          },
          {
            "fieldPath": "sessionRequestId",
            "columnName": "sessionRequestId",
            "affinity": "INTEGER",
            "notNull": true
          },
          {
            "fieldPath": "weekday",
            "columnName": "weekday",
            "affinity": "TEXT",
            "notNull": true
          },
          {
            "fieldPath": "startTime",
            "columnName": "startTime",
            "affinity": "TEXT",
            "notNull": true
          },
          {
            "fieldPath": "endTime",
            "columnName": "endTime",
            "affinity": "TEXT",
            "notNull": true
          }
        ],
        "primaryKey": {
          "autoGenerate": true,
          "columnNames": [
            "studentAvailabilityId"
          ]
        },
        "indices": [],
        "foreignKeys": [
          {
            "table": "sessionRequest",
            "onDelete": "CASCADE",
            "onUpdate": "CASCADE",
            "columns": [
              "sessionRequestId"
            ],
            "referencedColumns": [
              "sessionRequestId"
            ]
          }
        ]
      },
      {
        "tableName": "sessionRequest",
        "createSql": "CREATE TABLE IF NOT EXISTS `${TABLE_NAME}` (`sessionRequestId` INTEGER PRIMARY KEY AUTOINCREMENT NOT NULL, `requestDateTime` TEXT NOT NULL, `acceptDateTime` TEXT NOT NULL, `confirmDateTime` TEXT NOT NULL, `startDateTime` TEXT NOT NULL, `endDateTime` TEXT NOT NULL, `totalHours` INTEGER NOT NULL, `totalCost` REAL NOT NULL, `gradeLevel` TEXT NOT NULL, `subjectId` INTEGER NOT NULL, `tutorUserId` INTEGER NOT NULL, `studentUserId` INTEGER NOT NULL, FOREIGN KEY(`subjectId`) REFERENCES `subject`(`subjectId`) ON UPDATE CASCADE ON DELETE CASCADE , FOREIGN KEY(`tutorUserId`) REFERENCES `user`(`userId`) ON UPDATE CASCADE ON DELETE CASCADE , FOREIGN KEY(`studentUserId`) REFERENCES `user`(`userId`) ON UPDATE CASCADE ON DELETE CASCADE )",
        "fields": [
          {
            "fieldPath": "sessionRequestId",
            "columnName": "sessionRequestId",
            "affinity": "INTEGER",
            "notNull": true
          },
          {
            "fieldPath": "requestDateTime",
            "columnName": "requestDateTime",
            "affinity": "TEXT",
            "notNull": true
          },
          {
            "fieldPath": "acceptDateTime",
            "columnName": "acceptDateTime",
            "affinity": "TEXT",
            "notNull": true
          },
          {
            "fieldPath": "confirmDateTime",
            "columnName": "confirmDateTime",
            "affinity": "TEXT",
            "notNull": true
          },
          {
            "fieldPath": "startDateTime",
            "columnName": "startDateTime",
            "affinity": "TEXT",
            "notNull": true
          },
          {
            "fieldPath": "endDateTime",
            "columnName": "endDateTime",
            "affinity": "TEXT",
            "notNull": true
          },
          {
            "fieldPath": "totalHours",
            "columnName": "totalHours",
            "affinity": "INTEGER",
            "notNull": true
          },
          {
            "fieldPath": "totalCost",
            "columnName": "totalCost",
            "affinity": "REAL",
            "notNull": true
          },
          {
            "fieldPath": "gradeLevel",
            "columnName": "gradeLevel",
            "affinity": "TEXT",
            "notNull": true
          },
          {
            "fieldPath": "subjectId",
            "columnName": "subjectId",
            "affinity": "INTEGER",
            "notNull": true
          },
          {
            "fieldPath": "tutorUserId",
            "columnName": "tutorUserId",
            "affinity": "INTEGER",
            "notNull": true
          },
          {
            "fieldPath": "studentUserId",
            "columnName": "studentUserId",
            "affinity": "INTEGER",
            "notNull": true
          }
        ],
        "primaryKey": {
          "autoGenerate": true,
          "columnNames": [
            "sessionRequestId"
          ]
        },
        "indices": [
          {
            "name": "index_sessionRequest_sessionRequestId",
            "unique": false,
            "columnNames": [
              "sessionRequestId"
            ],
            "orders": [],
            "createSql": "CREATE INDEX IF NOT EXISTS `index_sessionRequest_sessionRequestId` ON `${TABLE_NAME}` (`sessionRequestId`)"
          },
          {
            "name": "index_sessionRequest_requestDateTime",
            "unique": false,
            "columnNames": [
              "requestDateTime"
            ],
            "orders": [],
            "createSql": "CREATE INDEX IF NOT EXISTS `index_sessionRequest_requestDateTime` ON `${TABLE_NAME}` (`requestDateTime`)"
          },
          {
            "name": "index_sessionRequest_acceptDateTime",
            "unique": false,
            "columnNames": [
              "acceptDateTime"
            ],
            "orders": [],
            "createSql": "CREATE INDEX IF NOT EXISTS `index_sessionRequest_acceptDateTime` ON `${TABLE_NAME}` (`acceptDateTime`)"
          },
          {
            "name": "index_sessionRequest_confirmDateTime",
            "unique": false,
            "columnNames": [
              "confirmDateTime"
            ],
            "orders": [],
            "createSql": "CREATE INDEX IF NOT EXISTS `index_sessionRequest_confirmDateTime` ON `${TABLE_NAME}` (`confirmDateTime`)"
          },
          {
            "name": "index_sessionRequest_startDateTime",
            "unique": false,
            "columnNames": [
              "startDateTime"
            ],
            "orders": [],
            "createSql": "CREATE INDEX IF NOT EXISTS `index_sessionRequest_startDateTime` ON `${TABLE_NAME}` (`startDateTime`)"
          },
          {
            "name": "index_sessionRequest_endDateTime",
            "unique": false,
            "columnNames": [
              "endDateTime"
            ],
            "orders": [],
            "createSql": "CREATE INDEX IF NOT EXISTS `index_sessionRequest_endDateTime` ON `${TABLE_NAME}` (`endDateTime`)"
          },
          {
            "name": "index_sessionRequest_totalHours",
            "unique": false,
            "columnNames": [
              "totalHours"
            ],
            "orders": [],
            "createSql": "CREATE INDEX IF NOT EXISTS `index_sessionRequest_totalHours` ON `${TABLE_NAME}` (`totalHours`)"
          },
          {
            "name": "index_sessionRequest_totalCost",
            "unique": false,
            "columnNames": [
              "totalCost"
            ],
            "orders": [],
            "createSql": "CREATE INDEX IF NOT EXISTS `index_sessionRequest_totalCost` ON `${TABLE_NAME}` (`totalCost`)"
          },
          {
            "name": "index_sessionRequest_gradeLevel",
            "unique": false,
            "columnNames": [
              "gradeLevel"
            ],
            "orders": [],
            "createSql": "CREATE INDEX IF NOT EXISTS `index_sessionRequest_gradeLevel` ON `${TABLE_NAME}` (`gradeLevel`)"
          },
          {
            "name": "index_sessionRequest_subjectId",
            "unique": false,
            "columnNames": [
              "subjectId"
            ],
            "orders": [],
            "createSql": "CREATE INDEX IF NOT EXISTS `index_sessionRequest_subjectId` ON `${TABLE_NAME}` (`subjectId`)"
          },
          {
            "name": "index_sessionRequest_tutorUserId",
            "unique": false,
            "columnNames": [
              "tutorUserId"
            ],
            "orders": [],
            "createSql": "CREATE INDEX IF NOT EXISTS `index_sessionRequest_tutorUserId` ON `${TABLE_NAME}` (`tutorUserId`)"
          },
          {
            "name": "index_sessionRequest_studentUserId",
            "unique": false,
            "columnNames": [
              "studentUserId"
            ],
            "orders": [],
            "createSql": "CREATE INDEX IF NOT EXISTS `index_sessionRequest_studentUserId` ON `${TABLE_NAME}` (`studentUserId`)"
          }
        ],
        "foreignKeys": [
          {
            "table": "subject",
            "onDelete": "CASCADE",
            "onUpdate": "CASCADE",
            "columns": [
              "subjectId"
            ],
            "referencedColumns": [
              "subjectId"
            ]
          },
          {
            "table": "user",
            "onDelete": "CASCADE",
            "onUpdate": "CASCADE",
            "columns": [
              "tutorUserId"
            ],
            "referencedColumns": [
              "userId"
            ]
          },
          {
            "table": "user",
            "onDelete": "CASCADE",
            "onUpdate": "CASCADE",
            "columns": [
              "studentUserId"
            ],
            "referencedColumns": [
              "userId"
            ]
          }
        ]
      },
      {
        "tableName": "sessionPreference",
        "createSql": "CREATE TABLE IF NOT EXISTS `${TABLE_NAME}` (`userId` INTEGER NOT NULL, `sessionRequestId` INTEGER NOT NULL, `colorLabel` TEXT NOT NULL, PRIMARY KEY(`userId`, `sessionRequestId`), FOREIGN KEY(`userId`) REFERENCES `user`(`userId`) ON UPDATE CASCADE ON DELETE CASCADE , FOREIGN KEY(`sessionRequestId`) REFERENCES `sessionRequest`(`sessionRequestId`) ON UPDATE CASCADE ON DELETE CASCADE )",
        "fields": [
          {
            "fieldPath": "userId",
            "columnName": "userId",
            "affinity": "INTEGER",
            "notNull": true
          },
          {
            "fieldPath": "sessionRequestId",
            "columnName": "sessionRequestId",
            "affinity": "INTEGER",
            "notNull": true
          },
          {
            "fieldPath": "colorLabel",
            "columnName": "colorLabel",
            "affinity": "TEXT",
            "notNull": true
          }
        ],
        "primaryKey": {
          "autoGenerate": false,
          "columnNames": [
            "userId",
            "sessionRequestId"
          ]
        },
        "indices": [],
        "foreignKeys": [
          {
            "table": "user",
            "onDelete": "CASCADE",
            "onUpdate": "CASCADE",
            "columns": [
              "userId"
            ],
            "referencedColumns": [
              "userId"
            ]
          },
          {
            "table": "sessionRequest",
            "onDelete": "CASCADE",
            "onUpdate": "CASCADE",
            "columns": [
              "sessionRequestId"
            ],
            "referencedColumns": [
              "sessionRequestId"
            ]
          }
        ]
      },
      {
        "tableName": "sessionDeclined",
        "createSql": "CREATE TABLE IF NOT EXISTS `${TABLE_NAME}` (`sessionRequestId` INTEGER NOT NULL, `declinedDateTime` TEXT NOT NULL, `reason` TEXT NOT NULL, `content` TEXT NOT NULL, `userId` INTEGER NOT NULL, PRIMARY KEY(`sessionRequestId`), FOREIGN KEY(`sessionRequestId`) REFERENCES `sessionRequest`(`sessionRequestId`) ON UPDATE CASCADE ON DELETE CASCADE , FOREIGN KEY(`userId`) REFERENCES `user`(`userId`) ON UPDATE CASCADE ON DELETE CASCADE )",
        "fields": [
          {
            "fieldPath": "sessionRequestId",
            "columnName": "sessionRequestId",
            "affinity": "INTEGER",
            "notNull": true
          },
          {
            "fieldPath": "declinedDateTime",
            "columnName": "declinedDateTime",
            "affinity": "TEXT",
            "notNull": true
          },
          {
            "fieldPath": "reason",
            "columnName": "reason",
            "affinity": "TEXT",
            "notNull": true
          },
          {
            "fieldPath": "content",
            "columnName": "content",
            "affinity": "TEXT",
            "notNull": true
          },
          {
            "fieldPath": "userId",
            "columnName": "userId",
            "affinity": "INTEGER",
            "notNull": true
          }
        ],
        "primaryKey": {
          "autoGenerate": false,
          "columnNames": [
            "sessionRequestId"
          ]
        },
        "indices": [],
        "foreignKeys": [
          {
            "table": "sessionRequest",
            "onDelete": "CASCADE",
            "onUpdate": "CASCADE",
            "columns": [
              "sessionRequestId"
            ],
            "referencedColumns": [
              "sessionRequestId"
            ]
          },
          {
            "table": "user",
            "onDelete": "CASCADE",
            "onUpdate": "CASCADE",
            "columns": [
              "userId"
            ],
            "referencedColumns": [
              "userId"
            ]
          }
        ]
      },
      {
        "tableName": "session",
        "createSql": "CREATE TABLE IF NOT EXISTS `${TABLE_NAME}` (`sessionId` INTEGER PRIMARY KEY AUTOINCREMENT NOT NULL, `startDateTime` TEXT NOT NULL, `endDateTime` TEXT NOT NULL, `cancelledDate` TEXT NOT NULL, `cancelAccommodation` TEXT NOT NULL, `sessionRequestId` INTEGER NOT NULL, FOREIGN KEY(`sessionRequestId`) REFERENCES `sessionRequest`(`sessionRequestId`) ON UPDATE CASCADE ON DELETE CASCADE )",
        "fields": [
          {
            "fieldPath": "sessionId",
            "columnName": "sessionId",
            "affinity": "INTEGER",
            "notNull": true
          },
          {
            "fieldPath": "startDateTime",
            "columnName": "startDateTime",
            "affinity": "TEXT",
            "notNull": true
          },
          {
            "fieldPath": "endDateTime",
            "columnName": "endDateTime",
            "affinity": "TEXT",
            "notNull": true
          },
          {
            "fieldPath": "cancelledDate",
            "columnName": "cancelledDate",
            "affinity": "TEXT",
            "notNull": true
          },
          {
            "fieldPath": "cancelAccommodation",
            "columnName": "cancelAccommodation",
            "affinity": "TEXT",
            "notNull": true
          },
          {
            "fieldPath": "sessionRequestId",
            "columnName": "sessionRequestId",
            "affinity": "INTEGER",
            "notNull": true
          }
        ],
        "primaryKey": {
          "autoGenerate": true,
          "columnNames": [
            "sessionId"
          ]
        },
        "indices": [],
        "foreignKeys": [
          {
            "table": "sessionRequest",
            "onDelete": "CASCADE",
            "onUpdate": "CASCADE",
            "columns": [
              "sessionRequestId"
            ],
            "referencedColumns": [
              "sessionRequestId"
            ]
          }
        ]
      },
      {
        "tableName": "rescheduledSession",
        "createSql": "CREATE TABLE IF NOT EXISTS `${TABLE_NAME}` (`cancelledSessionId` INTEGER NOT NULL, `newSessionId` INTEGER NOT NULL, PRIMARY KEY(`cancelledSessionId`), FOREIGN KEY(`cancelledSessionId`) REFERENCES `session`(`sessionId`) ON UPDATE CASCADE ON DELETE CASCADE )",
        "fields": [
          {
            "fieldPath": "cancelledSessionId",
            "columnName": "cancelledSessionId",
            "affinity": "INTEGER",
            "notNull": true
          },
          {
            "fieldPath": "newSessionId",
            "columnName": "newSessionId",
            "affinity": "INTEGER",
            "notNull": true
          }
        ],
        "primaryKey": {
          "autoGenerate": false,
          "columnNames": [
            "cancelledSessionId"
          ]
        },
        "indices": [],
        "foreignKeys": [
          {
            "table": "session",
            "onDelete": "CASCADE",
            "onUpdate": "CASCADE",
            "columns": [
              "cancelledSessionId"
            ],
            "referencedColumns": [
              "sessionId"
            ]
          }
        ]
      },
      {
        "tableName": "refundedSession",
        "createSql": "CREATE TABLE IF NOT EXISTS `${TABLE_NAME}` (`cancelledSessionId` INTEGER NOT NULL, `refundCost` REAL NOT NULL, `refundZonedDateTime` TEXT NOT NULL, `refundStatus` TEXT NOT NULL, PRIMARY KEY(`cancelledSessionId`), FOREIGN KEY(`cancelledSessionId`) REFERENCES `session`(`sessionId`) ON UPDATE CASCADE ON DELETE CASCADE )",
        "fields": [
          {
            "fieldPath": "cancelledSessionId",
            "columnName": "cancelledSessionId",
            "affinity": "INTEGER",
            "notNull": true
          },
          {
            "fieldPath": "refundCost",
            "columnName": "refundCost",
            "affinity": "REAL",
            "notNull": true
          },
          {
            "fieldPath": "refundZonedDateTime",
            "columnName": "refundZonedDateTime",
            "affinity": "TEXT",
            "notNull": true
          },
          {
            "fieldPath": "refundStatus",
            "columnName": "refundStatus",
            "affinity": "TEXT",
            "notNull": true
          }
        ],
        "primaryKey": {
          "autoGenerate": false,
          "columnNames": [
            "cancelledSessionId"
          ]
        },
        "indices": [],
        "foreignKeys": [
          {
            "table": "session",
            "onDelete": "CASCADE",
            "onUpdate": "CASCADE",
            "columns": [
              "cancelledSessionId"
            ],
            "referencedColumns": [
              "sessionId"
            ]
          }
        ]
      },
      {
        "tableName": "qualifications",
        "createSql": "CREATE TABLE IF NOT EXISTS `${TABLE_NAME}` (`qualificationsId` INTEGER PRIMARY KEY AUTOINCREMENT NOT NULL, `degree` TEXT NOT NULL, `startDate` TEXT NOT NULL, `endDate` TEXT NOT NULL, `institute` TEXT NOT NULL, `sortIndex` INTEGER NOT NULL, `userId` INTEGER NOT NULL, FOREIGN KEY(`userId`) REFERENCES `tutor`(`userId`) ON UPDATE CASCADE ON DELETE CASCADE )",
        "fields": [
          {
            "fieldPath": "qualificationsId",
            "columnName": "qualificationsId",
            "affinity": "INTEGER",
            "notNull": true
          },
          {
            "fieldPath": "degree",
            "columnName": "degree",
            "affinity": "TEXT",
            "notNull": true
          },
          {
            "fieldPath": "startDate",
            "columnName": "startDate",
            "affinity": "TEXT",
            "notNull": true
          },
          {
            "fieldPath": "endDate",
            "columnName": "endDate",
            "affinity": "TEXT",
            "notNull": true
          },
          {
            "fieldPath": "institute",
            "columnName": "institute",
            "affinity": "TEXT",
            "notNull": true
          },
          {
            "fieldPath": "sortIndex",
            "columnName": "sortIndex",
            "affinity": "INTEGER",
            "notNull": true
          },
          {
            "fieldPath": "userId",
            "columnName": "userId",
            "affinity": "INTEGER",
            "notNull": true
          }
        ],
        "primaryKey": {
          "autoGenerate": true,
          "columnNames": [
            "qualificationsId"
          ]
        },
        "indices": [],
        "foreignKeys": [
          {
            "table": "tutor",
            "onDelete": "CASCADE",
            "onUpdate": "CASCADE",
            "columns": [
              "userId"
            ],
            "referencedColumns": [
              "userId"
            ]
          }
        ]
      },
      {
        "tableName": "payments",
        "createSql": "CREATE TABLE IF NOT EXISTS `${TABLE_NAME}` (`paymentsId` INTEGER PRIMARY KEY AUTOINCREMENT NOT NULL, `hourlyRate` REAL NOT NULL, `tutorFee` REAL NOT NULL, `studentFee` REAL NOT NULL, `announcementDateTime` TEXT NOT NULL, `changeDateTime` TEXT NOT NULL, `createdAt` TEXT NOT NULL)",
        "fields": [
          {
            "fieldPath": "paymentsId",
            "columnName": "paymentsId",
            "affinity": "INTEGER",
            "notNull": true
          },
          {
            "fieldPath": "hourlyRate",
            "columnName": "hourlyRate",
            "affinity": "REAL",
            "notNull": true
          },
          {
            "fieldPath": "tutorFee",
            "columnName": "tutorFee",
            "affinity": "REAL",
            "notNull": true
          },
          {
            "fieldPath": "studentFee",
            "columnName": "studentFee",
            "affinity": "REAL",
            "notNull": true
          },
          {
            "fieldPath": "announcementDateTime",
            "columnName": "announcementDateTime",
            "affinity": "TEXT",
            "notNull": true
          },
          {
            "fieldPath": "changeDateTime",
            "columnName": "changeDateTime",
            "affinity": "TEXT",
            "notNull": true
          },
          {
            "fieldPath": "createdAt",
            "columnName": "createdAt",
            "affinity": "TEXT",
            "notNull": true
          }
        ],
        "primaryKey": {
          "autoGenerate": true,
          "columnNames": [
            "paymentsId"
          ]
        },
        "indices": [],
        "foreignKeys": []
      },
      {
        "tableName": "message",
        "createSql": "CREATE TABLE IF NOT EXISTS `${TABLE_NAME}` (`messageId` INTEGER PRIMARY KEY AUTOINCREMENT NOT NULL, `content` TEXT NOT NULL, `type` TEXT NOT NULL, `sentDateTime` TEXT NOT NULL, `senderId` INTEGER NOT NULL, `chatId` INTEGER NOT NULL, FOREIGN KEY(`senderId`) REFERENCES `user`(`userId`) ON UPDATE CASCADE ON DELETE CASCADE , FOREIGN KEY(`chatId`) REFERENCES `chat`(`chatId`) ON UPDATE CASCADE ON DELETE CASCADE )",
        "fields": [
          {
            "fieldPath": "messageId",
            "columnName": "messageId",
            "affinity": "INTEGER",
            "notNull": true
          },
          {
            "fieldPath": "content",
            "columnName": "content",
            "affinity": "TEXT",
            "notNull": true
          },
          {
            "fieldPath": "type",
            "columnName": "type",
            "affinity": "TEXT",
            "notNull": true
          },
          {
            "fieldPath": "sentDateTime",
            "columnName": "sentDateTime",
            "affinity": "TEXT",
            "notNull": true
          },
          {
            "fieldPath": "senderId",
            "columnName": "senderId",
            "affinity": "INTEGER",
            "notNull": true
          },
          {
            "fieldPath": "chatId",
            "columnName": "chatId",
            "affinity": "INTEGER",
            "notNull": true
          }
        ],
        "primaryKey": {
          "autoGenerate": true,
          "columnNames": [
            "messageId"
          ]
        },
        "indices": [],
        "foreignKeys": [
          {
            "table": "user",
            "onDelete": "CASCADE",
            "onUpdate": "CASCADE",
            "columns": [
              "senderId"
            ],
            "referencedColumns": [
              "userId"
            ]
          },
          {
            "table": "chat",
            "onDelete": "CASCADE",
            "onUpdate": "CASCADE",
            "columns": [
              "chatId"
            ],
            "referencedColumns": [
              "chatId"
            ]
          }
        ]
      },
      {
        "tableName": "chat",
        "createSql": "CREATE TABLE IF NOT EXISTS `${TABLE_NAME}` (`chatId` INTEGER NOT NULL, `userOneId` INTEGER NOT NULL, `userTwoId` INTEGER NOT NULL, `lastMessage` TEXT NOT NULL, `lastDateTime` TEXT NOT NULL, PRIMARY KEY(`chatId`), FOREIGN KEY(`userOneId`) REFERENCES `user`(`userId`) ON UPDATE CASCADE ON DELETE CASCADE , FOREIGN KEY(`userTwoId`) REFERENCES `user`(`userId`) ON UPDATE CASCADE ON DELETE CASCADE )",
        "fields": [
          {
            "fieldPath": "chatId",
            "columnName": "chatId",
            "affinity": "INTEGER",
            "notNull": true
          },
          {
            "fieldPath": "userOneId",
            "columnName": "userOneId",
            "affinity": "INTEGER",
            "notNull": true
          },
          {
            "fieldPath": "userTwoId",
            "columnName": "userTwoId",
            "affinity": "INTEGER",
            "notNull": true
          },
          {
            "fieldPath": "lastMessage",
            "columnName": "lastMessage",
            "affinity": "TEXT",
            "notNull": true
          },
          {
            "fieldPath": "lastDateTime",
            "columnName": "lastDateTime",
            "affinity": "TEXT",
            "notNull": true
          }
        ],
        "primaryKey": {
          "autoGenerate": false,
          "columnNames": [
            "chatId"
          ]
        },
        "indices": [],
        "foreignKeys": [
          {
            "table": "user",
            "onDelete": "CASCADE",
            "onUpdate": "CASCADE",
            "columns": [
              "userOneId"
            ],
            "referencedColumns": [
              "userId"
            ]
          },
          {
            "table": "user",
            "onDelete": "CASCADE",
            "onUpdate": "CASCADE",
            "columns": [
              "userTwoId"
            ],
            "referencedColumns": [
              "userId"
            ]
          }
        ]
      },
      {
        "tableName": "adminBan",
        "createSql": "CREATE TABLE IF NOT EXISTS `${TABLE_NAME}` (`userId` INTEGER NOT NULL, `banDateTime` TEXT NOT NULL, `unbanDateTime` TEXT NOT NULL, `reason` TEXT NOT NULL, `content` TEXT NOT NULL, PRIMARY KEY(`userId`), FOREIGN KEY(`userId`) REFERENCES `user`(`userId`) ON UPDATE CASCADE ON DELETE CASCADE )",
        "fields": [
          {
            "fieldPath": "userId",
            "columnName": "userId",
            "affinity": "INTEGER",
            "notNull": true
          },
          {
            "fieldPath": "banDateTime",
            "columnName": "banDateTime",
            "affinity": "TEXT",
            "notNull": true
          },
          {
            "fieldPath": "unbanDateTime",
            "columnName": "unbanDateTime",
            "affinity": "TEXT",
            "notNull": true
          },
          {
            "fieldPath": "reason",
            "columnName": "reason",
            "affinity": "TEXT",
            "notNull": true
          },
          {
            "fieldPath": "content",
            "columnName": "content",
            "affinity": "TEXT",
            "notNull": true
          }
        ],
        "primaryKey": {
          "autoGenerate": false,
          "columnNames": [
            "userId"
          ]
        },
        "indices": [],
        "foreignKeys": [
          {
            "table": "user",
            "onDelete": "CASCADE",
            "onUpdate": "CASCADE",
            "columns": [
              "userId"
            ],
            "referencedColumns": [
              "userId"
            ]
          }
        ]
      },
      {
        "tableName": "admin",
        "createSql": "CREATE TABLE IF NOT EXISTS `${TABLE_NAME}` (`userId` INTEGER NOT NULL, `title` TEXT NOT NULL, `accessLevel` TEXT NOT NULL, `createdAt` TEXT NOT NULL, PRIMARY KEY(`userId`), FOREIGN KEY(`userId`) REFERENCES `user`(`userId`) ON UPDATE CASCADE ON DELETE CASCADE )",
        "fields": [
          {
            "fieldPath": "userId",
            "columnName": "userId",
            "affinity": "INTEGER",
            "notNull": true
          },
          {
            "fieldPath": "title",
            "columnName": "title",
            "affinity": "TEXT",
            "notNull": true
          },
          {
            "fieldPath": "accessLevel",
            "columnName": "accessLevel",
            "affinity": "TEXT",
            "notNull": true
          },
          {
            "fieldPath": "createdAt",
            "columnName": "createdAt",
            "affinity": "TEXT",
            "notNull": true
          }
        ],
        "primaryKey": {
          "autoGenerate": false,
          "columnNames": [
            "userId"
          ]
        },
        "indices": [],
        "foreignKeys": [
          {
            "table": "user",
            "onDelete": "CASCADE",
            "onUpdate": "CASCADE",
            "columns": [
              "userId"
            ],
            "referencedColumns": [
              "userId"
            ]
          }
        ]
      }
    ],
    "views": [],
    "setupQueries": [
      "CREATE TABLE IF NOT EXISTS room_master_table (id INTEGER PRIMARY KEY,identity_hash TEXT)",
      "INSERT OR REPLACE INTO room_master_table (id,identity_hash) VALUES(42, '2dc7d8897c5c1211d16d5980b58ad0a1')"
    ]
  }
}